Record,fvegHW90mask,aet_90m,cwd_90m,ppt_90m,pptdjf_90m,pptjja_90m,tmn_90m,tmx_90m,tmxjja_90m,tmndjf_90m,longitude,latitude
14131,5,163.0099945,1270.930054,172.853302,33.86719894,2.01060009,8.493300438,24.96999931,35.27159882,0.185699999,167486.987,-357939.7974
17239,3,77.13330078,1489.91333,77.08000183,11.76659966,4.006000042,15.82330036,31.08329964,40.5923996,7.017700195,430244.4132,-522121.2044
16446,5,281.5433044,1165.83667,334.4100037,58.62590027,4.400800228,9.710000038,25.29330063,33.09270096,4.852000237,271598.1502,-465810.0149
16211,8,333.7966919,1089.91333,412.4332886,76.38009644,5.328000069,9.409999847,25.84670067,34.44369888,4.13929987,292237.8708,-451536.7139
4887,15,344.6532898,804.5167236,927.6867065,175.1759033,3.103899956,5.376699924,22.34329987,32.11640167,0.6074,-254027.9692,123322.5689
9336,2,363.9032898,885.2966919,400.5400085,76.4552002,0.915199995,6.21999979,22.68330002,29.65570068,2.229700089,-115622.6898,-147192.3953
698,3,207.8632965,667.126709,382.3566895,45.5943985,12.42399979,0.643299997,16.37000084,27.64909935,-5.712100029,-101365.2722,395956.798
574,11,434.9566956,459.166687,506.7399902,57.71300125,17.08289909,1.013299942,16.11330032,27.75779915,-5.827400208,-32199.74224,405291.7148
1635,3,196.4667053,654.7233276,417.9899902,48.92829895,13.24730015,0.430000007,15.35669994,26.48089981,-5.939799786,-69037.04487,333464.8462
13607,3,206.1999969,1141.869995,236.8800049,32.21110153,14.15540028,10.94330025,22.25,32.54869843,3.060400009,407959.9171,-337005.9958
7700,5,395.3200073,821.0432739,568.0032959,110.9291,1.55400002,8.516699791,21.71999931,27.44659996,4.799200058,-196707.4131,-61030.06147
11200,2,287,1196.523315,300.2432861,52.04130173,1.33070004,10.93330002,25.55330086,35.27880096,4.332699776,93824.61589,-235132.1353
2889,15,404.5166931,768.4332886,844.916687,145.0545959,7.944600105,9.433300018,22.64669991,33.07580185,3.203099966,-227621.5861,254693.799
14615,3,135.1199951,1315.119995,146.8666992,26.56780052,3.239799976,8.083299637,25.13669968,35.62440109,0.409700006,203783.3454,-376823.531
6112,8,300.4400024,539.4500122,1152.843262,185.4754028,11.8451004,0.486699998,13.09000015,22.43799973,-5.642199993,8758.312545,40412.34053
17809,11,74.45330048,1486.969971,72.5766983,11.07820034,4.14260006,15.25329971,31.41329956,40.82889938,6.634699821,437973.6414,-570825.4108
12236,2,217.4499969,1152.41333,230.6900024,40.31359863,0.972899973,6.326700211,24.95330048,34.29990005,1.797899961,-18031.05601,-279788.4666
4589,7,503.0667114,602.1066895,1722.156738,289.1473083,10.22480011,6.730000019,17.57329941,26.85540009,0.625400007,-69019.92363,142786.5942
9554,3,162.9232941,1073.223267,211.8800049,39.11759949,5.996099949,6.066699982,20.0366993,30.1772995,-1.1954,164854.1245,-158430.7761
6433,11,550.3867188,664.0767212,716.0599976,140.5505981,1.643000007,8.193300247,21.56999969,27.7241993,4.530099869,-222335.6323,18956.0095
12079,3,143.4700012,1294.18335,152.9766998,27.24489975,5.875999928,10.58670044,24.04999924,35.06639862,2.791300058,304188.639,-273335.6023
13059,2,432.1166992,860.9799805,477.2867126,90.75180054,1.113399982,8.329999924,20.98670006,23.26140022,5.041999817,-55048.81594,-314136.8438
43,11,206.3999939,642.1732788,293.2467041,34.07659912,12.68490028,-0.159999996,16.29000092,27.22809982,-5.669799805,-113505.3841,442503.7568
17177,11,278.6632996,1154.296753,364.333313,72.74469757,1.581900001,11.28670025,24.2166996,28.61389923,6.686800003,262077.7971,-517702.7686
8538,11,272.0232849,1077.983276,273.4700012,49.41590118,0.90259999,9.5333004,24.45999908,34.09669876,3.592000008,-62538.35149,-104649.1032
6196,11,372.2399902,942.6900024,458.5433044,83.5983963,1.577600002,9.170000076,23.6067009,32.42139816,4.039800167,-125174.6396,34724.04804
11386,11,324.6832886,1011.736694,339.5766907,66.42189789,0.575299978,6.690000057,25.29999924,34.18769836,1.822199941,-32347.76254,-243199.0886
2726,7,498.4700012,437.6932983,1547.906738,280.0816956,10.29969978,2.643300056,19.32329941,30.36529922,-1.584699988,-280190.1116,266039.2497
14780,5,152.8466949,1296.77002,163.9532928,31.39819908,2.701800108,9.006699562,24.68670082,34.93389893,1.489599943,190950.1563,-383509.8177
17384,11,71.25330353,1491.560059,69.28330231,10.6552,3.273400068,14.9666996,31.5333004,40.83440018,6.094399929,408825.4042,-534157.1142
4931,15,443.1499939,739.2067261,1247.993286,230.4192963,3.659100056,8.333299637,19.93670082,29.09420013,3.331899881,-237304.9341,119858.249
14267,3,106.1299973,1382.686646,112.4700012,16.49290085,8.352999687,11.04329967,27.36669922,38.04259872,2.432899952,348645.2546,-362747.3848
5674,11,471.4299927,833.7432861,509.6133118,96.22329712,1.992799997,9.476699829,23.71999931,33.1529007,4.438799858,-141147.917,68779.52641
6426,2,347.0466919,954.1166992,533.6832886,92.31340027,2.094399929,9.066699982,23.8567009,33.90390015,3.797800064,-82303.36292,19055.1924
3099,15,601.623291,434.5867004,1465.41333,263.1312866,9.024600029,6.74669981,19.86669922,28.40719986,3.53399992,-329083.5836,242439.3369
13491,3,113.0932999,1458.416748,120.25,20.66710091,3.845200062,10.07330036,26.87999916,37.68830109,1.556599975,258825.5935,-332121.962
2739,15,336.1133118,834.8267212,758.7932739,131.7272949,7.917099953,9.079999924,23.91670036,34.34790039,2.993400097,-194619.6035,265135.5306
17053,15,341.1199951,955.0233154,473.8033142,84.09259796,9.568799973,8.156700134,22.37669945,31.5048008,2.443300009,290442.5369,-509301.5402
10237,11,204.7899933,1209.783325,209.9600067,36.63280106,0.808099985,9.683300018,24.70000076,34.78120041,3.065099955,26371.85481,-190843.5037
17879,8,378.6799927,938.6066895,515.1766968,88.63929749,9.793199539,6.230000019,21.63669968,30.04210091,1.729400039,327461.4118,-576618.2168
5549,11,551.0999756,660.7467041,1072.56665,205.3213959,2.434000015,7.816699982,22.95000076,30.35140038,3.989799976,-249470.7789,77226.76714
6324,2,306.3833008,982.8666992,481.4566956,92.19740295,1.368899941,9.213299751,23.0333004,31.28800011,4.029300213,-155290.7351,25476.68562
8737,3,138.0632935,1175.093262,160.6766968,25.38170052,7.186100006,7.269999981,21.97999954,33.48270035,-1.924900055,186265.5012,-115013.3571
14396,5,102.0400009,1437.293335,103.3933029,13.99979973,8.395600319,12.9467001,29.06669998,40.26110077,3.723999977,374073.485,-367817.032
7976,7,323.0766907,615.6433105,965.5067139,161.5131989,9.235799789,2.706700087,16.26000023,25.09720039,-3.084800005,68410.79974,-75425.6259
8210,11,283.5932922,1072.109985,319.7900085,57.56010056,1.175199986,9.313300133,24.51000023,34.36180115,3.484699965,-40608.09932,-86957.93518
9675,11,282.083313,1143.73999,287.0367126,49.86109924,1.535899997,10.01329994,24.75,34.76300049,3.551700115,41187.83004,-164617.0222
5596,7,215.8500061,616.9533081,722.8032837,114.835701,13.26500034,-0.379999995,14.82670021,25.07290077,-6.588900089,23652.84341,74593.84387
8668,15,380.4500122,892.3433228,394.7033081,74.88569641,0.932399988,8.886699677,23.40329933,32.22439957,3.3829,-103762.6606,-111428.9186
8105,3,113.4800034,1042.41333,138.103302,15.14710045,10.32409954,5.079999924,19.97999954,31.14430046,-4.166399956,185141.0487,-82409.69252
1337,7,344.6832886,496.4367065,614.1500244,85.9178009,14.39379978,1.936699986,14.97329998,25.44659996,-4.111400127,-107610.7957,352441.3492
7091,7,454.5367126,505.7933044,1044.869995,185.0502014,5.134600163,3.053299904,16.42329979,25.24860001,-2.730999947,17530.35192,-24114.84893
8256,9,387.3833008,987.8366699,392.3933105,73.46710205,2.525599957,9.630000114,24.62330055,35.23320007,3.686100006,2213.27912,-88708.04208
17728,11,74.47329712,1482.050049,71.25,11.44789982,3.685800076,14.97329998,31.37999916,40.77519989,6.316999912,431903.8434,-561893.466
6077,15,412.4967041,816.2600098,942.3167114,184.476593,2.509900093,7.739999771,22.7133007,30.16629982,3.698899984,-220198.001,42987.05537
2042,7,502.0632935,384.126709,1526.053345,252.398407,13.6548996,6.986700058,18.30999947,23.28240013,3.773299932,-339026.6164,308884.6898
8530,1,169.7599945,419.2900085,672.0733032,118.1569977,11.18039989,-2.896699905,9.946700096,18.08480072,-9.507699966,123649.8093,-104280.3355
140,15,315.2767029,665.2432861,753.1599731,118.5522003,15.48239994,4.599999905,17.48329926,28.14039993,-1.563300014,-234050.9059,435441.4101
4843,15,535.5866699,729.5200195,751.8666992,130.7210999,3.393599987,9.483300209,23.11669922,32.65610123,3.904299974,-110969.208,125565.3899
4761,15,520.3300171,729.2000122,1093.556641,186.612793,5.721899986,8.529999733,22.23329926,31.46299934,2.751100063,-104336.5044,130594.6679
5604,15,415.5799866,747.4133301,1399.483276,263.2627869,4.551700115,8.516699791,19.84670067,26.29190063,5.369400024,-283618.1172,73891.20564
9453,2,280.9332886,944.4432983,419.6499939,82.99299622,0.70480001,5.733300209,22.41329956,30.82629967,1.154700041,-89087.3862,-153108.6456
7657,11,318.2033081,1022.783325,329.6700134,59.30820084,1.059999943,9.963299751,23.87330055,33.45460129,4.092000008,-60556.11261,-58947.74415
1056,7,380.5499878,545.8699951,743.7766724,110.2408981,12.60299969,2.356699944,16.42000008,27.4307003,-4.127099991,-123464.7797,371846.521
17254,3,100.3300018,1486.503296,100.2799988,15.33310032,6.144599915,17.89669991,30.12669945,39.94829941,9.382900238,441435.213,-523524.5948
5365,7,532.5432739,648.0900269,1300.959961,219.7386017,7.637899876,7.25330019,19.98999977,29.95910072,1.263700008,-52684.87379,90020.59913
10464,15,421.0899963,813.2866821,575.5233154,109.7610016,1.594599962,4.813300133,22.86330032,32.59159851,-0.053199999,-60465.88645,-200054.7276
11183,15,236.7633057,1072.726685,273.3500061,50.88069916,0.661599994,7.78000021,22.97330093,31.16040039,2.111599922,-20110.44238,-233987.741
12803,2,452.1900024,852.8867188,520.7733154,102.7025986,1.174000025,8.863300323,21.2866993,23.8640995,5.930900097,-64942.61634,-303659.913
7413,2,253.4033051,1019.130005,255.5899963,48.22489929,0.824599981,8.93999958,23.5,32.23500061,3.774800062,-120112.7302,-45431.19136
2776,1,313.5067139,479.0100098,1225.743286,199.9557037,15.71520042,-0.836700022,14.36330032,24.68720055,-6.18200016,-119915.5882,263080.8515
1534,3,234.8867035,675.7567139,466.0400085,57.5870018,12.20419979,1.296700001,16.74670029,27.43519974,-5.051599979,-88293.0963,340512.8624
6024,1,340.2099915,333.603302,1301.849976,216.8383942,15.93010044,-1.546700001,11.10000038,20.07489967,-7.849599838,20816.78787,46561.21999
14933,3,127.0500031,1328.993286,131.7967072,20.04840088,8.974100113,9.796699524,25.75329971,36.08990097,2.542200089,355028.1502,-388712.4224
12475,8,373.9899902,974.7667236,724.2932739,137.7368927,2.917099953,6.963300228,23.45000076,32.46179962,2.103300095,-30369.96318,-290115.4934
3903,7,477.8033142,637.5067139,2073.723389,365.6188049,11.78170013,6.769999981,18.76000023,27.87190056,1.154999971,-102631.6487,188618.0353
987,2,394.7966919,511.7432861,1033.716675,166.8560944,12.84000015,1.789999962,15.85000038,26.5904007,-4.368599892,-148786.9448,376561.9586
14657,3,112.2433014,1378.676758,115.9700012,17.06500053,8.67440033,11.18000031,27.59000015,38.2798996,2.539000034,354088.5945,-378139.9964
11815,2,387.1133118,890.460022,619.3267212,122.3488007,0.774299979,9.093299866,18.62669945,19.95429993,6.701399803,-107140.1261,-261438.1723
3230,15,272.8666992,599.9133301,993.2166748,170.8614044,8.738800049,3.663300037,17.95999908,28.38369942,-1.576900005,-244013.8371,235360.9793
5880,15,317.0232849,867.4033203,711.876709,137.0588989,2.458400011,8.313300133,22.37000084,31.39819908,4.020400047,-195067.6213,55253.08557
10264,8,285.7467041,1027.17334,349.9400024,68.80740356,0.629199982,5.583300114,24.59670067,33.18460083,1.325299978,-89110.13982,-191888.0025
7968,11,294.1333008,1044.43335,312.3299866,56.46459961,1.100200057,9.683300018,24.1067009,33.68199921,3.872699976,-65976.97584,-75272.17731
13363,3,97.77330017,1496.503296,101.3067017,15.23239994,5.930900097,11.79669952,27.86000061,39.020401,2.619699955,318023.786,-326644.949
325,7,565.2067261,377.6333008,2602.850098,422.0765991,28.63960075,7.483300209,16.60330009,22.98730087,3.704200029,-335498.0147,423077.6089
13743,3,114.6267014,1400.736694,118.0366974,17.82679939,7.738599777,10.86330032,26.45000076,37.22409821,3.129100084,338971.7522,-342253.0511
16354,3,92.09999847,1462.406738,92.00330353,13.7578001,7.142399788,17,30.00329971,39.95479965,7.457099915,425105.0866,-459876.3498
7803,5,297.25,928.9066772,429.7933044,81.75189972,1.165099978,9.5333004,21.12669945,26.05540085,5.576700211,-185747.5694,-66674.302
12941,3,186.7633057,1236.560059,193.3132935,24.45359993,15.0948,11.10000038,23.9633007,34.85400009,2.641000032,449657.8741,-308849.9162
2496,7,577.5499878,352.2999878,1442.016724,250.8177032,10.77740002,7.21999979,18.90999985,24.21199989,3.950099945,-351463.1772,280178.3879
904,7,548.6333008,505.0599976,1694.189941,295.4537964,13.79889965,6.75,20.70000076,31.18020058,1.615700006,-285706.2102,382374.8059
3245,7,262.7666931,553.9033203,864.3499756,160.996994,9.593600273,0.853299975,14.48670006,24.76259995,-5.304699898,-51785.86555,234583.9689
1060,7,288.1000061,562.6967163,892.7266846,148.6710968,13.70199966,2.893300056,16.28000069,26.75200081,-2.539700031,-226631.9383,371100.8638
7115,3,155.8666992,857.626709,201.8000031,26.85490036,9.783200264,1.370000005,18.61669922,29.89189911,-6.677700043,138205.4177,-25281.4829
13908,3,124.5800018,1336.156738,133.603302,25.34830093,1.942899942,8.823300362,25.29330063,35.89720154,0.37439999,187627.2198,-348795.923
8907,3,125.1699982,1064.676758,155.5733032,19.40060043,9.215600014,5.373300076,20.67670059,32.01079941,-3.409199953,221801.3436,-125310.0854
7538,15,412.3132935,788.083313,950.9432983,173.5682983,3.615400076,6.916699886,21.56669998,31.65169907,1.169199944,-1161.401889,-52329.55933
7320,3,252.4532928,565.4666748,531.8566895,91.60070038,12.91189957,-1.823300004,14.14000034,24.10400009,-9.029600143,93039.50321,-40350.96917
9270,15,362.5632935,894.7932739,529.6832886,102.134697,1.635200024,7.489999771,21.01670074,25.28739929,4.107900143,-136759.8619,-143436.3911
906,7,384.6932983,531.0800171,1345.140015,232.0912933,16.02280045,4.146699905,15.44330025,25.83090019,-1.663699985,-210380.857,382745.0775
7809,3,115.5999985,1157.853271,149.1833038,20.6243,6.779200077,4.309999943,22.91329956,34.23770142,-3.696199894,131433.3746,-67343.62251
4169,8,342.333313,492.4599915,1821.51001,312.5487976,15.0031004,3.013299942,13.50329971,22.84600067,-2.900300026,-56509.94808,170083.8885
10418,11,181.1833038,1236.339966,183.7266998,34.48479843,0.532000005,10.22999954,25.48670006,35.64009857,3.652699947,-18418.21597,-198492.229
5034,15,493.4700012,793.9500122,554.4567261,100.9423981,1.20539999,10.19330025,23.52330017,33.38029861,4.557700157,-124576.6051,112972.6357
8857,11,231.6432953,1146.530029,246.7100067,42.52410126,0.889800012,9.686699867,24.51000023,34.39459991,3.687900066,-24967.01391,-122389.4549
901,7,588.2966919,353.0766907,3228.47998,498.7463989,40.76169968,5.953299999,18.76000023,28.69919968,0.501299977,-303543.6112,382726.7131
3968,15,521.0067139,727.0532837,572.9332886,102.327301,4.82859993,9.236700058,24.19000053,33.85369873,3.571000099,-168956.3692,184335.642
15249,3,179.7100067,1273.283325,186.5467072,23.0394001,16.60470009,14.89999962,26.23329926,37.36539841,6.669700146,471997.282,-402069.2176
17664,8,296.4299927,989.0933228,456.0632935,79.79699707,10.37619972,7.283299923,24.24670029,34.24959946,2.282599926,330118.4447,-556569.8707
11339,3,133.0233002,1304.813354,148.0966949,23.14509964,6.57310009,10.72999954,26.4633007,37.91519928,1.616600037,352558.1585,-240825.2949
10598,2,209.6067047,1193.449951,214.5,41.32630157,0.885399997,9.483300209,26.18330002,36.01200104,3.010900021,-35644.38371,-206794.9816
6832,5,509.373291,748.5966797,877.5632935,154.328598,3.642800093,7.090000153,22.08329964,32.01919937,1.404600024,-28470.69534,-7519.911871
12461,2,396.4432983,934.7266846,774.5200195,152.0469971,1.588000059,7.013299942,23.14999962,30.03359985,3.431699991,-58218.02553,-289407.3458
1311,7,339.4599915,507.9432983,1481.900024,254.596405,16.7635994,3.256700039,18.92000008,30.32659912,-2.234699965,-223055.4436,353784.5716
6508,3,156.1399994,619.2266846,449.4700012,74.52610016,11.51410007,-2.74000001,14.56999969,24.46579933,-9.885299683,70635.00155,13863.67029
12520,3,169.103302,1183.056641,205.9732971,30.25,11.50409985,8.420000076,22.56329918,33.43379974,-0.040100001,388660.585,-292418.0608
577,7,509.5067139,358.6799927,2946.850098,470.8269958,33.10509872,4.96999979,15.59669971,25.73539925,0.021199999,-297869.8548,404677.3727
16635,3,95.38999939,1444.06665,95.29669952,13.91119957,6.596700191,15.67000008,31.0333004,41.19179916,6.408100128,462580.3957,-480236.7628
8139,2,292.5067139,1058.463257,322.0599976,58.1719017,1.109899998,9.113300323,24.61330032,34.48519897,3.33310008,-44755.71504,-83933.03363
9199,3,80.42669678,1484.77002,81.31330109,11.35700035,4.225299835,14.43669987,31.44669914,43.52959824,4.142199993,258695.3516,-140534.3416
15412,3,102.6267014,1385.25,102.7966995,14.42430019,7.901100159,13.61670017,29.07670021,39.38610077,4.924600124,403277.714,-409614.8517
15262,11,330.7633057,979.3167114,546.6500244,113.6707993,1.019799948,9.350000381,21.92670059,25.23209953,6.153600216,52379.40358,-402703.1465
17575,5,297.7066956,1105.290039,343.8900146,63.40330124,1.621700048,10.75329971,25.23670006,30.59670067,5.627399921,277631.6278,-550485.2159
7485,15,325.4932861,859.416687,461.7167053,85.25109863,2.123300076,10.26669979,20.68000031,29.28989983,4.559700012,-139928.381,-49432.31472
13829,2,214.5966949,1012.923279,258.5133057,44.12739944,1.142099977,4.766699791,22.80330086,32.37720108,-0.435799986,62591.28043,-346140.0727
7570,15,386.5766907,716.3267212,1051.703247,187.8321075,5.625299931,6.156700134,19.97330093,29.88319969,0.577199996,19650.11307,-53901.22329
16494,3,109.3566971,1403.113281,113.0432968,22.06679916,3.434999943,12.04329967,29.13330078,39.35089874,4.572700024,365149.0127,-468713.7836
13833,3,119.4766998,1456.333252,125.803299,19.82430077,5.09070015,9.97329998,26.75,37.58789825,1.595700026,265132.399,-346412.1953
4655,10,449.4233093,805.460022,472.4367065,87.08029938,2.217000008,9.163299561,23.88669968,33.48490143,3.875699997,-170310.8038,137209.4092
5366,7,418.603302,777.0333252,1233.430054,232.7532959,4.377999783,8.699999809,20.73999977,29.62630081,3.659300089,-235710.2712,89915.7086
14551,3,148.8067017,1301.983276,161.5599976,30.31340027,2.752799988,8.263299942,25.47330093,35.97159958,0.299600005,196456.9886,-374595.0523
15351,7,272.7867126,823.2966919,344.6133118,65.09130096,8.157299995,2.666699886,18.37669945,28.19960022,-3.457000017,293915.023,-406342.6202
3755,2,272.2267151,956.4033203,562.0499878,103.2733994,4.674099922,9.733300209,24.04999924,33.91479874,3.626600027,-193216.3486,198569.2155
12454,2,160.4432983,1321.556641,162.1100006,27.75979996,0.977299988,10.48999977,25.47330093,35.31520081,3.392100096,62440.23365,-289081.4211
8630,2,452.5400085,833.9133301,527.4567261,102.6844025,1.230599999,8.353300095,23.56329918,30.35740089,4.156300068,-141347.9141,-109040.174
1622,7,412.876709,536.6467285,2443.113281,411.5151062,19.70689964,5.206699848,18.23329926,29.32500076,-0.601199985,-188838.5747,334609.2108
4271,7,411.4899902,669.126709,1758.430054,296.0093079,11.34570026,5.190000057,17.9666996,27.61779976,-0.351900011,-72019.90939,162805.6702
14707,8,329.4599915,892.6533203,926.3032837,197.1358032,1.102800012,4.343299866,21.90999985,31.36120033,-0.096000001,43929.99528,-380001.8429
14213,3,138.3800049,1348.743286,139.8567047,18.31419945,11.23939991,13.15670013,24.80999947,35.78900146,5.192200184,399179.1942,-360984.5339
17168,15,377.3900146,1023.820007,573.0233154,103.0400009,7.383699894,8.680000305,22.88330078,31.67589951,3.164900064,288179.833,-517385.4996
10075,7,305.7267151,942.2199707,533.7432861,101.1901016,1.623299956,8.920000076,20.7133007,29.88209915,2.94569993,-63819.95414,-182350.3049
8068,3,114.0199966,1052.84668,139.7333069,15.00430012,11.1182003,2.920000076,21.18670082,32.54669952,-5.436600208,170172.1426,-80399.001
4367,15,408.1867065,851.1599731,752.4467163,131.7501068,4.523600101,9.350000381,23.81999969,33.91199875,3.737900019,-128902.4858,156226.958
16426,7,296.0700073,876.4332886,581.0866699,100.7427979,11.69719982,4.25330019,21.48999977,30.10359955,-1.144000053,298712.5632,-465322.6886
6794,15,358.9566956,838.3666992,579.333313,109.7762985,1.586400032,9.413299561,21.81329918,29.69140053,5.256999969,-166409.7324,-5367.698773
7888,15,330.3299866,987.6433105,503.9200134,86.64209747,2.972100019,9.406700134,24.07329941,34.6631012,3.274300098,-4268.794431,-70933.55565
11277,11,191.696701,1252.189941,195.9600067,34.61000061,0.844200015,9.816699982,25.23329926,35.68600082,3.12770009,42641.98047,-238370.9308
2880,7,339.7666931,591.123291,1681.07666,304.6803894,11.72259998,2.75,17.70000076,28.2371006,-1.70539999,-269313.6567,255743.8636
15231,15,284.9667053,929.6099854,603.0266724,117.5052032,2.675199986,9.456700325,20.26670074,29.71629906,3.553999901,162470.6561,-401624.5185
2741,15,378.5466919,783.4832764,813.8800049,133.3903046,7.79090023,9.196700096,23.37669945,34.21089935,3.038399935,-167661.1881,265115.1525
11996,3,126.0100021,1331.073242,134.9066925,25.28370094,4.290400028,10.27670002,25.74670029,36.66880035,2.529900074,210480.5027,-270450.5513
10079,15,273.3266907,945.4199829,523.9533081,100.6355972,1.241400003,8.97329998,19.54330063,28.6385994,2.980400085,-56130.04074,-182270.6457
10813,3,169.1766968,1164.676758,193.4933014,27.78569984,9.91590023,10.14669991,22.95000076,33.98070145,1.995700002,302897.6005,-216880.7515
17855,8,412.2600098,910.416687,546.2866821,95.21430206,9.284099579,6.936699867,21.5,30.02339935,2.319900036,321457.7794,-574772.26
2543,2,529.5100098,421.9732971,1531.219971,260.9952087,11.86480045,6.436699867,19.09000015,27.0720005,2.927599907,-323559.2001,277762.2777
1926,7,324.8866882,566,1028.113281,178.2572937,11.27980042,3.826699972,19.2866993,30.70000076,-1.09829998,-262667.253,314711.9999
3334,11,575.2332764,641.2233276,605.3867188,105.0229034,7.019800186,9.613300323,24.2166996,34.67419815,3.533200026,-182211.9709,228290.1005
2514,7,602.1367188,279.5067139,1622.339966,271.8953857,15.27880001,7.393300056,18.48999977,23.59440041,4.256700039,-353789.7253,279561.3871
548,7,570.8933105,327.7033081,2251.409912,362.4010925,26.31669998,6.563300133,17.08329964,21.71369934,3.017699957,-339696.5737,407655.8465
6816,11,359.9833069,935.0866699,364.3299866,66.43270111,1.274399996,9.356699944,23.63330078,32.52180099,3.916399956,-134764.1343,-6943.482955
12918,3,114.4000015,1438.223267,118.3467026,19.30279922,5.822899818,11.10330009,26.65999985,37.53860092,2.63470006,303587.056,-307875.5942
5994,7,437.7066956,414.916687,1164.390015,176.5953064,11.02359962,0.056699999,14.26669979,24.00880051,-5.914700031,-1389.641877,47763.55502
2629,7,318.1366882,401.4400024,1720.08667,290.9934082,18.4762001,-1.779999971,13.55000019,23.75769997,-6.984700203,-117747.0198,271999.3444
13264,5,94.19670105,1517.439941,97.896698,15.17500019,5.51760006,12.05669975,28.1432991,39.4197998,2.51970005,298454.2734,-322384.503
12798,11,214.4100037,1327.42334,213.7433014,34.58530045,1.175999999,12.86999989,26.2166996,36.25379944,5.447100163,113586.5622,-303102.7433
12587,8,215.8433075,1153.463257,258.75,46.35580063,2.280900002,7.376699924,21.19669914,30.68989944,0.555000007,144093.2938,-295198.6555
12469,3,116.2332993,1423.416748,119.3332977,19.43689919,6.235300064,11.20330048,26.35000038,37.18840027,2.648799896,310554.1836,-289752.4005
334,3,232.0233002,652.4133301,380.019989,49.68239975,14.57989979,1.820000052,15.74670029,26.61529922,-4.381299973,-150024.0616,422244.6383
3797,15,454.2399902,551.6400146,2313.983398,425.8565979,11.48600006,5.880000114,17.87330055,25.11669922,1.711799979,-309408.3451,196159.6965
14421,15,304.4500122,757.9266968,1083.916748,236.9221954,1.213600039,3.416699886,18.44330025,28.00620079,-1.704100013,30553.73426,-368548.0264
10440,11,173.7633057,1244.5,190.6367035,33.55830002,0.59009999,9.786700249,25.18670082,35.38690186,3.349299908,7565.390014,-199868.3379
17199,3,94.64330292,1443.986694,94.5766983,13.3572998,6.383999825,15.93999958,31,40.89110184,6.934000015,494819.3156,-519491.8728
9729,3,108.3833008,1387.06665,109.196701,15.66860008,5.257400036,13.45670033,28.12669945,39.76480103,4.458199978,287926.5681,-167116.3252
13156,8,311.6000061,953.5133057,399.3266907,69.09929657,3.790600061,7.286699772,18.57329941,28.52109909,0.855300009,124701.7799,-318170.0002
7039,5,492.0932922,701.1599731,624.3366699,118.5463028,1.749600053,8.829999924,21.29000092,28.41139984,4.816100121,-176866.8699,-20753.35005
8562,3,116.6532974,959.1032715,162.9432983,19.37599945,10.4673996,3.130000114,19.10330009,30.28569984,-5.762000084,196120.7176,-105351.0482
1476,7,443.769989,422.8399963,1348.630005,218.6273956,14.91460037,6.989999771,15.25329971,17.63610077,4.2572999,-346245.1735,343697.9634
13263,2,222.2433014,1300.58667,221.4232941,35.63529968,1.288800001,12.23330021,26.07670021,35.9632988,4.832399845,107717.488,-322764.9752
8954,7,174.9299927,822.5700073,245.5832977,26.18180084,16.50239944,3.523299932,16.02000046,26.03619957,-3.923899889,226532.4979,-128190.0872
17695,3,75.12999725,1469.656738,74.71330261,12.39579964,3.951800108,14.48670006,31.13999939,40.51699829,6.34980011,387865.7584,-559274.5003
377,2,171.9766998,670.7399902,313.9899902,40.3728981,12.83069992,-0.556699991,16.37330055,27.01370049,-6.309000015,-166709.0562,420076.8822
16304,3,132.2266998,1314.376709,134.2566986,17.8451004,11.50979996,14.25,28.12330055,38.42699814,5.979300022,458347.8279,-457534.5995
17388,3,88.76999664,1480.51001,88.6832962,13.70240021,5.385200024,17.25,30.45669937,40.08969879,8.691699982,457741.1885,-534738.7971
16421,3,138.1667023,1251.109985,143.1533051,21.12789917,11.30690002,9.523300171,24.45330048,34.41230011,2.83859992,389176.7214,-464686.7993
12657,5,158.7799988,1337.09668,158.8332977,26.91119957,0.792699993,11.18669987,25.62999916,35.65209961,3.951800108,90865.6441,-297481.1676
10486,8,322.6766968,946.916687,795.6066895,160.8562927,0.691299975,8.856699944,21.60330009,29.91139984,3.520100117,-122781.8987,-201299.9551
7061,1,227.2200012,512.6832886,557.6500244,97.59519958,12.24800014,-3.019999981,13.94999981,23.36230087,-9.728199959,88092.41187,-22199.68905
2708,7,310.4899902,471.5433044,1342.563354,223.4597015,17.02820015,-0.336699992,13.10330009,23.13870049,-6.016200066,-100396.0088,267501.0689
2127,15,348.6600037,669.7532959,843.2233276,145.3170013,10.2578001,4.336699963,20.49329948,31.67200089,-0.086099997,-237863.0291,303347.0458
3475,15,397.4132996,671.8433228,1276.32666,229.436203,9.296299934,5.646699905,20.8932991,31.18969917,0.833299994,-278877.0835,221004.0258
11394,3,98.20999908,1402.329956,102.8899994,18.62890053,3.805700064,11.6267004,28.01670074,39.38660049,1.903399944,280198.2025,-243175.1576
1453,7,453.8500061,611.0767212,2020.670044,331.5535889,16.52000046,5.666699886,19.7866993,30.96489906,-0.164100006,-198642.8403,345310.8973
14040,3,167.396698,1255.849976,181.9799957,25.78630066,11.04189968,11.17000008,24.22669983,35.16460037,2.97239995,387919.2193,-354071.544
6611,15,398.0133057,660.5599976,1069.693359,184.7286072,5.640399933,5.963300228,20.07999992,30.37630081,0.1523,-22382.6563,6537.713732
8056,15,491.8167114,710.7600098,990.4633179,185.9358063,4.433700085,8.710000038,20.60330009,26.95190048,5.437699795,-193418.6616,-79620.10601
17349,2,496.8299866,876.9133301,647.0999756,115.7911987,9.83370018,7.463300228,22.76329994,31.77260017,2.466799974,301473.9785,-531912.4527
3753,2,322.6400146,915.2133179,708.1099854,124.4679031,5.063199997,9.233300209,23.97999954,33.79539871,3.325200081,-156575.2976,198500.2784
16279,8,371.7232971,1085.43335,403.2399902,73.81590271,4.678899765,9.109999657,26.09329987,34.59719849,4.218599796,283227.9409,-456114.4164
10076,15,209.5500031,721.4799805,507.4833069,102.4546967,5.73360014,1.916700006,15.69330025,24.06760025,-5.197599888,142667.291,-182366.5106
9991,11,210.5632935,1203.443359,215.6166992,38.0177002,0.833100021,9.726699829,24.74670029,34.80569839,3.107700109,28695.61803,-178631.3578
12964,15,451.353302,983.4066772,664.8433228,125.1990967,1.371600032,8.656700134,23.85330009,32.9980011,3.308300018,-19341.07308,-309940.8897
7361,11,351.9032898,978.9066772,356.2600098,63.06909943,1.468199968,9.676699638,23.86669922,33.48400116,3.913300037,-63968.94996,-42932.09253
2760,15,360.4632874,809.0167236,809.6199951,133.0637054,8.014200211,9.2833004,23.30669975,34.18069839,3.149800062,-168617.9225,263335.0715
8240,15,411.3399963,918.9533081,656.9133301,117.7113037,3.274800062,7.813300133,23.27330017,33.54130173,1.86619997,26571.22712,-87863.96443
4195,7,368.25,623.9066772,1761.786743,295.3918152,13.03339958,5.070000172,16.83670044,26.62929916,-0.684199989,-68621.8541,168670.2127
12597,2,255.196701,1152.386719,293.1932983,48.89590073,1.145900011,8.630000114,23.18000031,32.49039841,3.09100008,7525.662344,-295630.7017
6705,2,267.1133118,1040.916748,393.4400024,68.77809906,1.184599996,9.140000343,23.86000061,33.59000015,3.744800091,-85569.31951,-144.7064664
16714,3,106.9966965,1400.926758,108,16.31259918,6.917200089,12.61670017,28.49329948,38.76290131,4.554999828,407438.8855,-484663.5012
11264,3,106.2566986,1379.976685,115.8833008,22.23329926,3.609899998,9.293299675,26.83670044,37.75040054,0.255800009,205477.054,-237958.1557
1403,15,232.9132996,657.9567261,575.710022,79.41639709,13.84220028,1.850000024,15.35330009,25.84119987,-4.052199841,-110331.9698,347876.8332
6044,2,515.7766724,695.960022,1229.323242,237.405304,3.168200016,7.236700058,21.05999947,27.1590004,4.251699924,-253760.9853,45234.58409
2424,7,401.0733032,539.0632935,1650.046753,295.6448059,11.39900017,4.793300152,18.86669922,29.38559914,-0.312700003,-286743.6708,285487.2559
5584,5,333.2200012,976.0733032,553.3200073,102.4946976,2.366300106,10.07670021,23.51000023,32.89799881,4.84499979,-128739.5588,74833.20568
16811,8,336.2333069,1108.646729,463.623291,94.55889893,1.679800034,12.06330013,22.70669937,28.40819931,8.42140007,239283.4616,-491395.0459
9663,11,175.0032959,1230.223267,175.196701,32.22869873,0.764400005,10.30000019,25.2166996,35.62829971,3.836299896,-34075.90364,-164329.4348
9928,3,100.0800018,1377.056641,105.9100037,17.42490005,4.532899857,11.25,27.67670059,39.32300186,1.725800037,235084.1865,-176366.5122
161,3,223.303299,579.6699829,537.1932983,71.17389679,11.43039989,0.486699998,14.10330009,25.04179955,-5.705599785,-53247.39517,433912.4726
15877,3,109.7932968,1380.660034,110.4899979,14.49839973,9.742199898,12.96329975,28.39669991,38.75859833,4.242599964,388969.4912,-433162.0298
12328,3,181.7299957,1196.573242,196.8800049,27.16329956,12.12639999,9.103300095,22.58670044,33.60929871,0.099299997,398299.2932,-283690.6567
706,7,276.0967102,658.0432739,634.4533081,110.7508011,9.911299706,3.226700068,18.42329979,29.75880051,-2.417599916,-247817.5657,395243.2207
1439,7,387.3432922,555.1799927,1432.503296,248.5859985,20.7609005,4.119999886,19.78000069,31.52079964,-1.336199999,-226813.5506,345666.709
12232,11,156.1100006,1298.616699,155.6667023,25.98719978,0.817099988,10.60999966,24.84329987,34.53409958,3.60739994,36332.81331,-280027.5181
1793,7,548.7067261,531.7800293,2146.949951,346.6119995,24.81760025,7.196700096,21.68670082,32.47200012,1.420600057,-179185.4588,322862.0833
15580,3,99.59999847,1403.123291,99.58670044,14.06630039,8.21570015,15.01000023,30.69000053,41.20619965,5.208799839,499690.3125,-418539.6588
10198,2,313.7167053,935.3032837,579.2733154,109.389801,1.785099983,7.573299885,21.41670036,30.65430069,2.600800037,-69513.31982,-188597.2529
6609,2,321.646698,987.8466797,441.1567078,79.38059998,1.218899965,9.036700249,23.87999916,33.65140152,3.699899912,-86617.63315,6661.406427
17547,8,343.7333069,1029.52002,471.9899902,82.81839752,4.91260004,7.866700172,24.32329941,32.33919907,3.255700111,305849.4049,-548180.9174
1642,15,473.2532959,570.4299927,2332.73999,393.4892883,22.53610039,5.826700211,19.36330032,29.97299957,-0.042800002,-175362.5904,333182.1814
12051,3,131.5066986,1385.016724,137.7133026,24.63489914,4.312900066,10.95330048,25.20999908,36.25479889,3.171299934,221325.3082,-272125.7371
14373,15,329.9400024,954.8167114,628.8433228,126.6673965,2.634000063,9.153300285,18.82329941,28.45910072,3.193900108,131224.0359,-367309.2727
16344,3,99.88670349,1435.776733,99.79000092,13.99400043,7.28429985,15.52670002,30.81999969,41.25379944,6.05189991,488298.0521,-459557.2412
14239,7,222.0500031,797.9367065,705.6599731,142.8614044,2.032799959,1.75999999,17.80669975,27.50160027,-3.62680006,76390.88351,-361871.7257
7340,11,265.0166931,1028.136719,265.2732849,48.79940033,0.847599983,9.046699524,23.84000015,32.86780167,3.747400045,-117729.5464,-41069.60262
3721,8,394.3266907,447.6966858,1513.426758,258.3388062,13.79419994,2.410000086,13.88329983,22.9428997,-3.542299986,-68262.24637,201009.5587
9685,2,320.4067078,939.0667114,410.2633057,85.50910187,0.628199995,4.539999962,24.53000069,33.15539932,0.265399992,-99440.29935,-165068.1718
1020,1,306.6400146,344.5700073,1426.136719,245.2888031,16.98760033,1.303300023,10.66329956,19.96800041,-4.364099979,-215097.6915,374215.0747
6325,1,344.0133057,440.8933105,1176.98999,187.5576019,13.32240009,-0.113300003,12.6967001,21.3614006,-6.397399902,7313.449534,25449.41008
5810,15,512.3933105,713.0333252,1152.680054,193.625,6.05670023,7.386700153,21.06669998,31.1807003,1.289899945,-52672.85462,60693.67466
483,7,341.5466919,520.8233032,806.4432983,130.2498016,16.2689991,4.316699982,14.47329998,24.84900093,-0.948199987,-244958.4534,412541.0366
14157,3,119.8600006,1413.83667,126.3300018,20.7140007,4.365699768,9.236700058,26.20000076,36.94340134,1.38380003,248259.168,-358981.8425
1798,15,485.916687,438.4299927,1578.150024,277.0169067,12.3434,4.656700134,17.7833004,28.17020035,-0.658399999,-275203.2506,323171.1678
12043,8,210.3332977,968.8167114,359.4233093,68.42960358,3.90989995,6.536699772,18.85330009,29.20179939,-0.254000008,144081.6894,-272172.1331
160,2,520.7467041,438.2732849,1938.533325,303.1416016,25.12400055,7.416699886,16.46999931,20.10070038,4.608799934,-343007.3415,434175.1683
3143,7,542.6766968,536.4099731,1446.443359,255.9116974,9.570099831,6.643300056,21.02000046,30.23430061,2.890100002,-308251.0834,239948.1657
1831,8,299.0533142,478.6066895,1303.65332,226.4134064,15.57719994,3.306699991,14.57670021,25.02230072,-2.423399925,-252433.1107,320675.1742
9142,10,131.2266998,1259.856689,145.4266968,27.93770027,3.518699884,7.690000057,24.72669983,35.93709946,-0.927399993,165916.5379,-138246.9727
999,7,582.7399902,281.4667053,3270.176758,496.935791,46.36339951,6.206699848,18.23329926,26.47330093,1.2579,-319115.2518,375621.8032
8922,2,222.5632935,1006.463318,270.1832886,49.4552002,0.982800007,6.743299961,23.58670044,32.39199829,1.682399988,-96993.68052,-126354.1303
13373,8,272.9466858,1176.536743,316.5867004,55.6609993,0.86559999,8.523300171,24.04999924,33.4253006,2.989799976,4050.603711,-327117.1526
8502,3,144.2767029,958.460022,216.5366974,32.80739975,12.21759987,3.246700048,17.50670052,28.01059914,-5.143599987,180432.7344,-102896.1861
5900,5,435.2399902,873.4733276,512.6333008,93.65709686,2.344599962,9.523300171,23.3567009,32.68180084,4.425600052,-116654.0269,54288.41067
12316,8,355.0100098,941.8499756,656.3632813,127.4200974,1.538900018,5.136700153,24.20999908,31.66430092,1.11559999,-52950.47995,-282556.3319
13871,2,193.3833008,1155.126709,209.8733063,36.23040009,1.104599953,6.239999771,22.96999931,31.74570084,0.749599993,34902.33347,-347765.9718
9475,11,254.0800018,1149.283325,258.6932983,45.36859894,1.202800035,9.933300018,24.86000061,35.11090088,3.478600025,13360.36043,-154464.4923
1255,3,232.5966949,552.1500244,482.1000061,52.72710037,17.75779915,-0.400000006,14.80669975,25.54339981,-6.787899971,-22343.02102,357879.7358
10525,11,312.6932983,1119.293335,332.6966858,56.98109818,1.286800027,9.670000076,25.5,35.14260101,3.378099918,89525.16418,-203138.6702
12317,3,146.3000031,1340.016724,148.2200012,26.24580002,5.068900108,11.23330021,24.72999954,35.62369919,3.977799892,247742.0361,-282693.3087
7491,2,311.7366943,836.9033203,575.1367188,104.4748001,1.881199956,8.453300476,21.36000061,28.35569954,3.973799944,-147443.7774,-49979.28752
9954,7,183.0267029,384.480011,526.1433105,100.3526001,6.023700237,-4.656700134,9.75,18.09939957,-11.12129974,150132.9376,-177061.0388
11969,3,164.6566925,1328.09668,170.5,32.41519928,4.267199993,10.22669983,23.57329941,34.5381012,3.026299953,184991.6579,-268748.2665
3582,15,669.8366699,454.6900024,1798.959961,317.1420898,11.01910019,5.25330019,19.69330025,29.55559921,-0.037900001,-133873.8914,211007.1381
1260,7,486.1199951,515,1900.686646,326.2654114,18.48629951,4.039999962,17.37000084,27.94300079,-1.527899981,-192923.6189,357668.5497
897,7,565.8433228,317.3800049,2419.996582,384.0281067,26.77869987,5.44329977,18.01329994,23.47360039,1.209400058,-324893.8852,382737.6341
14724,3,136.8132935,1369.77002,136.6699982,18.77429962,9.277600288,15.06330013,29.62000084,40.53290176,5.317100048,500622.2857,-380524.8759
6281,15,422.4866943,874.2966919,752.0767212,128.9181061,3.281699896,8.699999809,23.26000023,33.16989899,3.180999994,-62806.51454,29005.30789
8432,3,124.0667038,814.8566895,230.3999939,30.70509911,10.85490036,0.453299999,16.12999916,25.84180069,-7.01240015,165438.8798,-99273.39395
1312,10,274.8999939,637.9299927,310.0632935,37.55659866,10.49580002,1.539999962,16.87669945,28.29199982,-5.619599819,-2662.529386,353937.9084
10641,11,194.0767059,1221.329956,197.8433075,38.17359924,1.04400003,9.963299751,26.36000061,36.31930161,3.273699999,-31520.13683,-209426.9491
12575,8,221.0700073,1098.84668,262.9767151,46.50230026,2.119100094,7.313300133,18.98329926,28.67930031,0.854600012,139060.3197,-294881.1299
12999,7,278.1166992,940.3532715,339.6799927,54.7961998,7.273200035,7.30670023,17.6067009,27.44619942,0.253800005,159049.2988,-311323.7548
4550,15,481.7066956,768.210022,484.5433044,89.54090118,2.69720006,9.170000076,23.99329948,33.65790176,3.77489996,-174891.5651,145158.2737
3325,7,324.9533081,672.5167236,1052.02002,177.3701019,8.916099548,2.970000029,19.88999939,31.19309998,-1.795300007,-99851.02501,228817.3753
3941,7,397.9200134,634.039978,1714.726685,302.8266907,9.94410038,7.300000191,20.40329933,29.95240021,2.007999897,-108492.6218,186378.7994
2678,7,655.2667236,346.8599854,1036.079956,164.4349976,10.96580029,4.260000229,18.17670059,28.62619972,-1.029700041,-147327.6039,269269.5509
4627,15,395.6733093,771.6300049,657.6166992,128.8238983,3.404999971,6.900000095,23.12999916,33.05059814,1.28610003,-213157.4067,139780.5238
8053,5,293.2132874,1058.72998,322.3367004,58.04539871,1.105599999,9.206700325,24.56999969,34.42039871,3.407099962,-41615.30096,-79638.52344
13752,3,173.1699982,1258.050049,182.4700012,23.1616993,13.32919979,10.1232996,25.27000046,36.21030045,2.33310008,368357.8892,-342900.8697
13328,3,159.1600037,1300.283325,160.9600067,20.72489929,11.61410046,13.10330009,26.79330063,37.80559921,4.017799854,463450.2324,-325501.0962
11754,3,172.9700012,1231.186646,191.7032928,31.41080093,7.40530014,10.76329994,23.25670052,34.41260147,3.495899916,259234.7115,-259884.5182
8532,7,175.1199951,314.416687,748.1500244,132.7492981,11.29370022,-4.043300152,7.713300228,15.49559975,-10.50259972,122825.7077,-104274.9557
9614,3,148.4532928,1167.48999,169.3899994,25.87479973,6.988299847,7.796700001,20.87999916,32.02909851,0.819299996,230097.2068,-161578.0645
15526,3,232.1833038,1004.51001,320.4032898,63.56940079,4.900800228,6.453299999,19.43000031,29.10659981,-0.251100004,310839.0716,-415434.0296
10648,11,212.146698,1222.130005,215.6732941,37.44469833,0.842599988,9.936699867,25.00670052,35.05659866,3.33100009,55338.84464,-209251.7335
10252,8,389.4632874,810.4266968,1486.98999,300.218689,2.357899904,8.066699982,19.29000092,27.4571991,2.566299915,-147768.3294,-191386.921
5920,5,351.8233032,952.876709,517.876709,93.82080078,2.337800026,9.470000267,23.25670052,32.58919907,4.308599949,-112893.0863,52671.18888
16653,8,320.103302,1047.806641,379.5899963,67.41970062,7.52159977,7.920000076,24.62000084,33.16820145,2.965800047,289333.27,-481230.0812
17616,3,82.12670135,1450.540039,82.40670013,14.14519978,4.4229002,14.07670021,31.1067009,40.5931015,6.067399979,378636.7647,-553865.8907
8874,15,411.4700012,913.460022,654.2800293,116.9116974,3.480900049,9.373299599,22.69669914,32.99990082,2.84559989,60188.52507,-123444.8709
9381,5,172.7266998,224.4933014,802.6932983,139.4830933,8.208000183,-5.940000057,4.696700096,13.34280014,-12.1559,149209.7677,-149928.8763
15118,3,136.1600037,1340.209961,138.9400024,18.93580055,10.3902998,14.81999969,29.11669922,39.65399933,5.163300037,496576.9037,-396256.6626
12620,15,360.4299927,979.126709,577.2966919,112.0986023,0.857299984,5.763299942,24.93330002,32.9557991,1.826400042,-46577.74372,-296415.8399
1296,15,338.6366882,546.9832764,1184.540039,205.0303955,14.3696003,4.843299866,15.9666996,26.80579948,-1.1329,-257018.235,355249.4195
1493,1,341.666687,406.9466858,1791.113281,313.2901917,23.13579941,3.476700068,14.97329998,25.58530045,-2.332700014,-236466.7433,342593.6608
5144,11,381.6932983,901.9367065,505.5499878,91.41760254,2.232300043,9.7833004,23.80999947,33.58459854,4.523799896,-145075.0978,104105.6787
17880,8,382.1300049,924.9633179,531.0700073,90.83830261,10.4701004,5.896699905,21.27669907,29.87619972,1.125399947,338343.7466,-576326.4575
17590,15,332.1400146,1026.92334,426.7167053,78.94940186,2.330699921,8.960000038,24.29999924,30.55319977,4.060599804,284581.3292,-551365.9984
357,8,265.5899963,369.2900085,655.6500244,83.87830353,26.34930038,-1.076699972,11.01000023,21.51910019,-6.626100063,-179788.8881,420794.0405
10452,11,178.4167023,1240.17334,180.6199951,34.88100052,0.3301,10.1967001,25.36330032,35.54290009,3.598700047,-10652.33682,-200202.8426
3861,7,699.4967041,344.0599976,1834.333252,336.3659058,9.362299919,4.403299809,20.05669975,27.88470078,0.830900013,-300397.6117,192199.7369
17592,3,93.11329651,1455.726685,93.06330109,14.64210033,6.26429987,17.37999916,30.29999924,40.1405983,9.116299629,483113.8579,-551814.3522
9923,15,374.5400085,855.6099854,798.0667114,160.7306976,1.904700041,8.470000267,20.10330009,26.98620033,3.41960001,-139406.1743,-175713.5851
15904,3,94.53669739,1448.626709,94.25,14.11260033,6.536300182,16.11000061,29.95999908,40.35329819,6.977300167,437410.0322,-434788.6371
7249,7,224.803299,669.4199829,406.4466858,67.14800262,12.24919987,0.079999998,14.47000027,24.61919975,-7.050799847,124813.1699,-35435.2645
13483,3,95.66329956,1417.356689,104.0100021,20.63319969,1.779299974,9.326700211,25.96999931,36.67039871,1.043200016,231696.433,-331769.6426
9818,3,145.3567047,1138.25,181.5,28.18600082,7.266600132,7.139999866,20.29669952,31.07889938,-0.401199996,213099.8627,-170663.945
13940,3,129.9900055,1350.819946,143.9232941,26.73089981,2.844899893,8.68999958,24.9666996,35.37960052,0.81129998,209688.5362,-349964.6728
15471,3,95.36000061,1452.166748,95.68000031,13.56569958,7.934299946,13.47999954,29.61330032,40.11899948,4.499800205,380469.1163,-412617.1663
8543,3,113.1567001,1182.493286,153.8833008,27.7826004,4.478099823,5.653299809,23.64669991,34.82429886,-2.624599934,155590.8262,-104393.6343
8604,3,97.53330231,1364.666748,104.6299973,14.67780018,5.909699917,9.609999657,26.72669983,38.46770096,0.992399991,222792.3899,-107264.6013
16674,8,328.0700073,954.6799927,418.126709,72.4897995,10.54520035,6.900000095,23.05999947,31.67440033,1.694399953,296057.0623,-482557.7772
3259,1,276.0133057,574.5667114,609.1433105,110.205101,9.928600311,1.356699944,14.50329971,25.19599915,-4.811100006,-31872.73092,233204.3799
9188,3,121.9599991,1157.5,167.1132965,31.11310005,4.576300144,6.389999866,23.49670029,34.97359848,-1.890799999,174057.3772,-140125.117
3528,15,318.0433044,935.8532715,679.5866699,120.2081985,5.522600174,10.81669998,23.40329933,34.11510086,3.8901999,-218572.5704,215785.7329
12680,15,256.9533081,1167.523315,278.2666931,48.81480026,2.960799932,8.516699791,23.21999931,32.59130096,0.433099985,146477.1505,-298832.9221
4356,15,311.9767151,921.7033081,562.623291,107.9487,3.918100119,8.346699715,23.52669907,33.36579895,2.271399975,-207666.9347,157043.0898
5439,8,447.5667114,672.0800171,1415.849976,235.5346069,8.350000381,5.146699905,18.6432991,28.32519913,-0.731000006,-32075.52858,85361.88401
8442,3,139.3932953,1182.079956,165.0767059,29.62420082,5.103000164,5.476699829,23.62669945,34.88000107,-2.861299992,153843.2309,-99918.83951
693,7,508.8666992,399.1300049,1970.276733,317.4932861,23.81830025,6.726699829,16.2166996,18.98489952,3.405800104,-340053.4142,396213.9187
8515,15,372.1000061,882.5133057,595.2966919,117.1638031,1.033699989,9.856699944,20.72999954,29.01679993,5.22300005,-125219.9729,-103408.5257
3137,7,314.1900024,633.6199951,1084.503296,185.1632996,11.52420044,0.560000002,18.02330017,28.89590073,-5.005099773,-78927.72264,240033.0712
11965,3,115.8067017,1376.859985,122.3799973,22.16419983,4.284200191,10.65330029,26.82670021,37.79069901,1.690700054,272019.816,-268234.7683
7563,7,424.146698,602.0499878,1089.293335,195.532196,6.363699913,3.733299971,17.80999947,26.89030075,-1.752799988,34221.18755,-53788.57741
1425,1,328.3800049,345.4466858,1585.776733,280.8633118,19.13260078,1.913300037,12.60669994,22.37779999,-3.286299944,-244731.2517,346698.3261
5294,7,464.3933105,647.7567139,1311.47998,243.8040009,4.622300148,7.096700191,20.06329918,25.95669937,4.07460022,-299595.3231,93928.91283
4187,7,385.3132935,578.7532959,1727.483276,289.7488098,12.35990047,3.986700058,18.06999969,27.82460022,-1.423799992,-67025.7607,168913.7359
16468,5,90.91670227,1446,90.81999969,13.54300022,6.921899796,16.37000084,30.30999947,40.28170013,6.891600132,434753.1862,-466856.6101
1331,7,345.0632935,492.2567139,1537.406738,262.5552979,16.48859978,3.983299971,16.51000023,27.59390068,-1.309900045,-216858.4371,352730.5468
16646,5,401.4632874,1030.393311,455.6766968,92.57759857,1.833999991,11.25,24.08329964,29.14599991,7.814599991,225425.369,-481157.7691
6750,11,357.5332947,938.8933105,361.9700012,65.40329742,1.239300013,9.27670002,23.52000046,32.28900146,3.862299919,-137470.2204,-1919.412915
17787,5,88.56999969,1427.543335,89.34999847,15.41909981,5.374100208,13.74670029,30.83329964,40.36520004,6.286300182,377650.1413,-567864.8055
14340,15,341.1799927,963.4866943,484.2000122,92.07319641,0.984000027,7.676700115,22.59329987,26.39769936,4.104199886,-28860.92283,-365797.7578
16311,5,287.9967041,1184.68335,368.2600098,74.12490082,1.117300034,11.94999981,25.29000092,29.9993,7.494100094,206185.5939,-457835.3547
9134,11,311.3233032,1114.743286,316.3099976,55.30319977,1.880599976,10.1967001,25,35.31290054,3.846100092,36829.46213,-137811.1143
3059,11,393.5133057,660.2000122,1222.75,197.6977997,12.48099995,4.119999886,17.52669907,27.66699982,-1.187600017,-145737.3399,244178.0671
14169,3,124.7966995,1318.973267,131.9967041,17.11120033,11.27019978,10.23670006,26.6432991,37.71239853,1.576200008,377134.7116,-359259.9903
13888,3,165.9967041,1267.926758,173.0299988,21.73489952,13.20320034,13.00669956,25.2166996,36.11159897,4.524799824,451760.8751,-348664.6844
1016,8,318.623291,610.873291,769.2432861,115.5173035,11.68789959,2.226700068,16.49329948,27.51210022,-4.228300095,-124253.4411,374181.1021
2331,7,458.6199951,392.353302,1187.793335,183.3674011,14.79129982,2.296700001,16.98329926,27.42970085,-3.077800035,-147101.916,290272.564
5185,11,306.6366882,981.3067017,497.6632996,89.07620239,2.234100103,9.943300247,23.59670067,33.29470062,4.633900166,-134247.2708,101330.9497
16760,15,276.7467041,1179.063354,355.6600037,71.60870361,2.52489996,11.3732996,24.39669991,31.68510056,7.214300156,249799.1451,-488120.1205
4708,11,398.7666931,873.3167114,577.6500244,102.4761963,3.062599897,9.823300362,24.01670074,33.80690002,4.278800011,-144571.915,135023.3919
8028,1,286.9466858,312.8266907,1014.16333,194.982193,10.3348999,-2.946700096,8.916700363,16.79210091,-9.320099831,95823.81486,-78398.05638
17164,3,98.353302,1444.003296,98.4332962,13.91769981,6.79820013,16.75,30.54669952,40.48609924,7.712900162,487313.5859,-517083.2621
117,3,242.2133026,593.4932861,452.8666992,56.06800079,11.72770023,0.430000007,14.89669991,26.07589912,-5.894000053,-73882.75799,436992.6291
9831,3,98.55329895,1407.273315,107.1800003,17.75769997,4.302400112,10.77670002,26.91670036,38.55189896,1.149700046,224487.9043,-171376.7567
732,7,304.1000061,616.7866821,698.7633057,123.7332001,10.19909954,3.089999914,18.38669968,29.71439934,-2.626699924,-248418.5834,393781.1055
2431,3,179.9232941,626.1300049,407.1733093,66.60980225,8.501399994,-0.109999999,14.46000004,25.68980026,-6.323699951,-42367.07797,285304.9889
8154,2,333.9132996,1045.963257,413.5967102,75.79219818,2.519200087,9.426699638,24.58670044,35.1556015,3.335999966,-783.3188194,-84595.95515
1496,15,363.2633057,459.2232971,1347.123291,239.4284058,14.77289963,3.793299913,16.70000076,27.48329926,-1.683899999,-252788.0363,342238.3089
12969,15,351.9432983,1006.059998,493.0232849,89.53579712,1.019799948,7.986700058,23.4633007,32.64009857,2.724299908,-7500.737503,-310021.9178
6138,2,494.6966858,812.5333252,571.8666992,97.74199677,2.273799896,9.793299675,23.40999985,33.35639954,4.44659996,-84486.17206,38102.35678
4548,15,432.8633118,681.2866821,1123.400024,211.1380005,4.842400074,5.683300018,22.20669937,31.15979958,2.04489994,-281662.6568,144997.4574
14614,7,274.6932983,849.5300293,846.5866699,164.6235962,1.647699952,5.50330019,16.69669914,25.67099953,-0.044100001,75126.84943,-376681.0053
15373,15,401.6433105,1011.41333,575.5900269,120.3308029,1.212900043,10.88329983,23.68330002,28.54640007,7.408699989,71790.1827,-407520.6254
14524,3,103.0999985,1435.533325,102.9633026,14.1157999,7.238599777,14.90999985,30.61000061,41.74470139,5.143599987,409637.5074,-372923.4744
3766,2,338.4266968,886.7467041,620.0333252,112.1023026,5.124400139,9.460000038,23.85330009,34.42300034,2.969099998,-218777.5317,198459.8799
12577,3,102.4233017,1421.976685,105.2232971,15.25529957,6.830800056,12.38329983,27.84329987,39.24420166,3.337100029,338324.9923,-294531.3394
8855,3,141.4333038,1015.41333,177.6533051,20.82439995,11.14039993,5.710000038,18.9633007,29.61759949,-1.597300053,255760.8242,-121831.6637
14752,8,315.9466858,1003.580017,486.5232849,95.88189697,2.534800053,9.436699867,18.89669991,27.71500015,3.397200108,159342.3713,-381623.2215
16683,3,102.7699966,1432.323242,102.6832962,14.21440029,7.657299995,16.65999985,30.52330017,40.90119934,7.373300076,480754.2254,-483086.9804
1843,7,295.5700073,501.8432922,520.5999756,65.21890259,15.8980999,-0.383300006,14.03670025,25.2241993,-6.692900181,-71135.44144,319699.6913
42,11,243.2799988,613.4467163,284.6366882,32.10089874,12.85359955,-0.150000006,16.40999985,27.31870079,-5.8052001,-128472.6859,442799.3697
13880,3,174.7633057,1308.880005,174.6900024,22.78680038,14.23400021,14.15999985,27.93670082,38.81940079,5.079400063,467158.6036,-347892.7192
13926,5,149.0500031,1305.106689,157.2133026,30.42980003,1.984099984,8.630000114,25.45330048,35.83430099,0.186399996,173193.2347,-349715.251
5013,15,439.333313,733.4666748,1135.026733,214.6179962,3.732000113,6.53000021,22.82329941,31.69169998,2.724600077,-275220.3507,114183.7721
4135,8,397.103302,701.7700195,1474.466675,271.7576904,7.433599949,6.349999905,19.09000015,27.50040054,2.16230011,-283431.5674,172066.5838
12142,3,148.7967072,1289.743286,161.0166931,29.81739998,4.254000187,10.22000027,24.51329994,35.44490051,2.819900036,193886.0369,-275419.904
3751,15,440.0733032,551.876709,1519.920044,282.4984131,7.165800095,5.683300018,21.25,30.37599945,1.857900023,-292461.3765,199025.8636
5873,11,328.3800049,909.6699829,916.4033203,181.0269012,2.071899891,8.146699905,23.18000031,30.95280075,3.813800097,-216459.0305,56400.92378
7031,7,255.2333069,468.6300049,592.1832886,98.29060364,14.2677002,-2.039999962,11.55000019,20.86289978,-8.940699577,102423.315,-19422.85583
16051,2,293.876709,971.2000122,348.3467102,71.61160278,0.689100027,10.58670044,19.80669975,21.0557003,7.772799969,42806.31076,-442321.3195
11322,15,359.9032898,952.8233032,463.9599915,90.56230164,0.678799987,5.429999828,24.9633007,33.20640182,1.637799978,-102201.7778,-240684.9503
4003,15,276.1799927,912.1333008,590.2966919,108.8980026,5.507599831,7.553299904,23.48329926,33.66799927,1.39230001,-223739.8962,181158.9384
8770,1,183.1333008,486.5700073,351.0299988,35.56359863,23.5522995,-2.47329998,9.363300323,17.92770004,-8.81499958,174094.7072,-117157.5982
12215,3,152.5567017,1288.023315,160.6533051,20.76919937,13.0692997,10.99670029,25.41670036,36.83840179,1.080800056,426753.7424,-278852.7971
8561,2,360.4299927,890.7766724,623.1566772,120.995697,1.228899956,9.683300018,21.41329956,28.84379959,5.619100094,-133531.4037,-105470.0441
14195,3,143.3567047,1351.400024,154.6732941,28.70779991,3.027400017,8.470000267,24.57329941,35.03070068,1.469699979,229673.6147,-360263.5386
9809,11,270.3033142,1159.526733,284.9266968,49.11579895,1.51880002,9.899999619,24.82999992,34.79510117,3.447299957,56918.29932,-170965.6552
9299,3,170.4132996,1130.719971,219.0867004,40.29840088,7.123700142,6.483300209,20.40670013,30.91480064,-0.914699972,158244.0217,-145248.79
1982,10,216.4700012,615.3499756,277.8500061,33.83639908,10.38920021,-1.076699972,15.54669952,27.03230095,-7.607699871,-49917.50885,312471.3307
4873,15,440.7167053,733.623291,1068.756714,197.1887054,4.216199875,6.800000191,21.79669952,29.58889961,3.563199997,-298467.9001,123955.946
2516,15,694.1566772,458.4833069,1049.90332,175.9403076,10.99120045,8.796699524,22.87330055,33.53409958,2.381400108,-219901.043,279183.5553
10561,3,168.0299988,1149.76001,179.3632965,26.3946991,8.354599953,10.15330029,22.26329994,33.44919968,2.653300047,267944.306,-205309.8254
16406,5,97.41000366,1436.973267,97.3167038,13.62819958,6.881100178,15.57330036,30.98670006,41.33169937,6.229599953,491273.89,-464364.811
4956,15,356,840.3666992,837.9232788,161.4710999,1.67840004,8.050000191,21.86330032,31.1984005,2.829400063,-226055.3553,117509.0523
2272,3,168.4799957,647.1900024,291.6366882,37.59479904,10.72700024,0.143299997,15.1232996,26.63689995,-6.418799877,-1235.718879,294966.6113
543,15,522.4199829,377.2366943,2646.623291,429.2156982,28.49869919,5.659999847,18.74329948,28.4829998,1.523599982,-324352.2506,407696.0409
10370,2,260.7000122,1073.676758,374.6700134,73.90119934,0.759899974,7.366700172,24.31999969,33.76869965,1.787400007,-41355.75471,-196604.1195
2805,11,297.3367004,685.4932861,339.0032959,55.60499954,7.200200081,1.533300042,18.07670021,29.91930008,-5.131999969,-45105.06365,261208.5189
3463,15,401.896698,608.583313,1130.050049,192.6728058,9.995100021,1.946699977,18.48329926,29.37220001,-3.191999912,-77958.34884,221321.0556
7854,8,230.3632965,1053.563354,319.9866943,59.67610168,0.841300011,9.866700172,23.14999962,32.28900146,4.461100101,-104798.2587,-68986.42076
12924,11,150.4900055,1352.130005,151.4900055,24.3281002,0.478300005,11.24670029,25.80669975,35.86920166,3.950700045,89872.01796,-307976.2422
964,3,241.8466949,666.4232788,484.1966858,59.69599915,14.00370026,1.003299952,16.78000069,28.04059982,-5.360199928,-84309.9883,378290.8121
321,7,547.0300293,401.1300049,2425.363281,394.09729,26.37669945,6.119999886,18.05669975,24.84519958,2.437299967,-332874.9099,423353.1064
12294,3,151.0299988,1349.193359,160.9532928,29.2798996,3.666800022,11.13669968,23.6432991,34.67240143,3.379400015,211668.5481,-282007.4036
7997,15,424.9367065,760.1832886,825.8366699,152.2713928,4.178100109,7.346700191,20.12000084,23.7541008,5.033699989,-203592.2159,-76953.66703
2503,7,398.4500122,532.3900146,1703.016724,303.4804077,12.85009956,4.643300056,18.15670013,28.23279953,-0.252299994,-292190.0725,279962.6268
8085,15,415.2567139,911.9099731,694.0466919,125.0422974,3.433900118,7.883299828,23.60330009,34.19020081,1.876399994,24100.03392,-80880.95244
7556,3,124.3732986,1059.313354,205.4600067,28.48520088,9.540100098,3.003299952,20.65670013,32.04660034,-5.763100147,132332.1924,-53120.77826
424,3,228.2232971,639.5667114,428.6333008,51.56510162,12.2166996,0.943300009,15.23670006,26.65089989,-6.157400131,-70481.2816,416693.4914
