"","fvegHW90mask","aetfeb_90m","cwdfeb_90m","pptfeb_90m","pptdjf_90m","pptjja_90m","tmnfeb_90m","tmxfeb_90m","tmxjja_90m","tmndjf_90m","longitude","latitude"
"1",15,42.5519981384277,0,106.572303771973,104.628898620605,1.85780000686646,4.73799991607666,15.5286998748779,27.8148994445801,3.99469995498657,-148939.870183338,-46849.0440850342
"2",15,43.3662986755371,0,113.666702270508,113.610702514648,1.77530002593994,6.37430000305176,15.6743001937866,23.6702003479004,5.65899991989136,-185044.019660722,-30961.0194165003
"3",15,43.3662986755371,0,113.666702270508,113.610702514648,1.77530002593994,6.37430000305176,15.6743001937866,23.6702003479004,5.65899991989136,-185044.019660722,-30961.0194165003
"4",5,44.310001373291,0,92.9459991455078,89.8442993164062,1.49600005149841,7.05200004577637,16.0450000762939,24.7115993499756,6.08869981765747,-180576.241105654,-41377.5457223682
"5",5,43.6100006103516,0,119.151000976562,115.477996826172,1.85909998416901,7.730299949646,15.8839998245239,22.2527008056641,6.94379997253418,-197295.956817071,-18114.9393746168
"6",15,42.6957015991211,1.31200003623962,107.200302124023,104.814399719238,1.8507000207901,5.29670000076294,15.8583002090454,27.6131992340088,4.7613000869751,-161392.04593689,-54191.8861872265
"7",15,42.3452987670898,0,108.452003479004,106.350601196289,1.85319995880127,5.40030002593994,15.4617004394531,27.1420993804932,4.98509979248047,-160940.359650389,-55448.0846812949
"8",2,41.2433013916016,0,162.822296142578,164.4208984375,4.93499994277954,3.58599996566772,13.8566999435425,31.8910007476807,2.99090003967285,-55925.0930524202,45613.7556982427
"9",2,41.2433013916016,0,162.822296142578,164.4208984375,4.93499994277954,3.58599996566772,13.8566999435425,31.8910007476807,2.99090003967285,-55925.0930524202,45613.7556982427
"10",15,18.4213008880615,0,325.21630859375,337.016815185547,17.3502006530762,-0.146699994802475,12.2966995239258,32.8386993408203,-0.622699975967407,-160823.316340724,335430.704401165
"11",1,0,0,151.905700683594,163.605697631836,20.8948993682861,-6.54530000686646,6.0282998085022,23.224100112915,-6.54809999465942,-132410.091329082,279118.282037864
"12",7,28.5746994018555,0,322.197692871094,330.636199951172,10.0117998123169,2.03800010681152,11.7546997070312,28.6961002349854,2.16420006752014,-115379.454444659,186898.218268151
"13",15,37.2667007446289,0,161.092300415039,165.327896118164,5.50860023498535,5.37629985809326,15.5087003707886,33.4430999755859,4.21799993515015,-128780.26921133,168247.767300929
"14",15,36.6032981872559,0,184.266006469727,193.020401000977,6.45629978179932,5.59070014953613,15.0396995544434,32.7932014465332,4.54879999160767,-124569.443245097,168336.748372266
"15",15,43.5833015441895,0.0970000028610229,138.52799987793,141.093307495117,3.60689997673035,3.27230000495911,14.9427003860474,33.0152015686035,2.45359992980957,-41591.801406638,4176.63448273297
"16",15,43.5833015441895,0.0970000028610229,138.52799987793,141.093307495117,3.60689997673035,3.27230000495911,14.9427003860474,33.0152015686035,2.45359992980957,-41591.801406638,4176.63448273297
"17",15,43.5833015441895,0.0970000028610229,138.52799987793,141.093307495117,3.60689997673035,3.27230000495911,14.9427003860474,33.0152015686035,2.45359992980957,-41591.801406638,4176.63448273297
"18",15,37.4770011901855,0,165.656997680664,167.028396606445,4.78200006484985,2.01370000839233,14.2040004730225,31.2451992034912,1.36440002918243,-45549.6324943022,39330.4579778598
"19",15,42.1967010498047,0,140.392303466797,135.623992919922,2.71160006523132,7.34999990463257,14.5403003692627,25.1986999511719,6.67990016937256,-197185.495577203,-10075.7089178702
"20",15,42.1967010498047,0,140.392303466797,135.623992919922,2.71160006523132,7.34999990463257,14.5403003692627,25.1986999511719,6.67990016937256,-197185.495577203,-10075.7089178702
"21",5,42.5466995239258,0,136.639007568359,132.375900268555,2.56270003318787,6.95529985427856,14.8166999816895,25.3696002960205,6.33799982070923,-198875.265562182,-10252.3401480997
"22",15,42.0867004394531,0,136.783004760742,132.591705322266,2.58669996261597,6.90829992294312,14.7760000228882,25.6018009185791,6.25699996948242,-197585.315510047,-9935.01274179993
"23",15,41.0157012939453,0,133.926300048828,130.118698120117,2.50469994544983,6.4387001991272,15.2019996643066,24.2800998687744,5.8270001411438,-198318.115717887,-10462.4557697559
"24",4,42.8633003234863,0,142.422302246094,137.328002929688,2.72709989547729,7.55530023574829,14.3629999160767,25.1030006408691,6.83010005950928,-197569.268971286,-10369.0667945175
"25",15,42.926700592041,0,134.598999023438,130.88020324707,2.55310010910034,7.16669988632202,14.7347002029419,25.5741996765137,6.53310012817383,-198066.090908128,-8620.33977073338
"26",2,42.6800003051758,0,142.095001220703,137.130401611328,2.81489992141724,7.41429996490479,14.4020004272461,25.5589008331299,6.69840002059937,-197243.934686294,-10540.2443251805
"27",2,42.6800003051758,0,142.095001220703,137.130401611328,2.81489992141724,7.41429996490479,14.4020004272461,25.5589008331299,6.69840002059937,-197243.934686294,-10540.2443251805
"28",15,42.1967010498047,0,140.392303466797,135.623992919922,2.71160006523132,7.34999990463257,14.5403003692627,25.1986999511719,6.67990016937256,-197185.495577203,-10075.7089178702
"29",2,42.5532989501953,0,134.542297363281,130.790802001953,2.58200001716614,6.86129999160767,14.8332996368408,25.7418003082275,6.25769996643066,-197932.860586408,-8667.9892223184
"30",4,42.1063003540039,0,130.085998535156,126.894798278809,2.33189988136292,6.37169981002808,15.4503002166748,23.7985992431641,5.7701997756958,-199181.564161156,-9140.81201261701
"31",4,42.1063003540039,0,130.085998535156,126.894798278809,2.33189988136292,6.37169981002808,15.4503002166748,23.7985992431641,5.7701997756958,-199181.564161156,-9140.81201261701
"32",5,39.6446990966797,0,160.978698730469,163.720397949219,4.34759998321533,3.30870008468628,14.8802995681763,32.3291015625,2.33870005607605,-73662.0578948181,74400.6630221941
"33",15,37.6176986694336,0,201.405303955078,206.365295410156,6.2487998008728,3.08270001411438,13.2236995697021,31.1119003295898,2.85669994354248,-72685.453563838,99324.3932892531
"34",15,37.6176986694336,0,201.405303955078,206.365295410156,6.2487998008728,3.08270001411438,13.2236995697021,31.1119003295898,2.85669994354248,-72685.453563838,99324.3932892531
"35",15,37.6176986694336,0,201.405303955078,206.365295410156,6.2487998008728,3.08270001411438,13.2236995697021,31.1119003295898,2.85669994354248,-72685.453563838,99324.3932892531
"36",15,37.6176986694336,0,201.405303955078,206.365295410156,6.2487998008728,3.08270001411438,13.2236995697021,31.1119003295898,2.85669994354248,-72685.453563838,99324.3932892531
"37",15,21.5116996765137,0,157.983993530273,186.545394897461,8.68970012664795,0.854300022125244,9.55070018768311,27.3609008789062,0.794200003147125,-233578.86393177,184651.345880689
"38",2,31.9027004241943,0,234.037704467773,262.872009277344,9.76459980010986,2.88969993591309,13.1533002853394,29.4761009216309,2.82039999961853,-309093.833922094,257043.254831246
"39",2,31.9027004241943,0,234.037704467773,262.872009277344,9.76459980010986,2.88969993591309,13.1533002853394,29.4761009216309,2.82039999961853,-309093.833922094,257043.254831246
"40",15,30.6203002929688,0,187.88330078125,198.637893676758,3.81419992446899,1.50769996643066,14.1972999572754,31.7765998840332,0.779600024223328,-259042.837091956,128558.863045815
"41",15,30.6790008544922,0,154.58869934082,152.966995239258,2.54320001602173,1.68270003795624,14.5586996078491,32.219799041748,0.891099989414215,-243346.909708873,114928.816562178
"42",15,32.9053001403809,0,164.393707275391,163.739593505859,2.64269995689392,1.73070001602173,14.6169996261597,32.0589981079102,0.988900005817413,-239904.957244339,117654.96093914
"43",5,55.1360015869141,16.4272994995117,92.0112991333008,72.0141983032227,1.31579995155334,9.82870006561279,19.702299118042,26.8376998901367,9.21529960632324,165054.125668687,-451922.490604361
"44",8,61.0457000732422,14.8043003082275,117.730003356934,102.117301940918,1.42040002346039,10.0279998779297,18.8330001831055,29.2087001800537,10.2284002304077,103483.551324893,-439010.547254307
"45",5,60.4817008972168,17.2150001525879,98.7876968383789,78.7003021240234,0.939199984073639,9.57069969177246,19.2252998352051,24.3943996429443,9.47659969329834,104340.776531239,-441219.094267517
"46",15,65.7197036743164,2.93029999732971,165.635696411133,143.836898803711,0.999800026416779,7.69399976730347,17.3553009033203,27.5524005889893,8.25189971923828,-6974.01469783566,-387247.789578418
"47",8,51.6640014648438,9.88269996643066,87.7932968139648,67.7347030639648,0.624199986457825,9.72029972076416,18.0433006286621,23.8743991851807,9.72140026092529,154746.661552458,-519211.163210419
"48",8,51.6640014648438,9.88269996643066,87.7932968139648,67.7347030639648,0.624199986457825,9.72029972076416,18.0433006286621,23.8743991851807,9.72140026092529,154746.661552458,-519211.163210419
"49",8,51.6640014648438,9.88269996643066,87.7932968139648,67.7347030639648,0.624199986457825,9.72029972076416,18.0433006286621,23.8743991851807,9.72140026092529,154746.661552458,-519211.163210419
"50",8,51.6640014648438,9.88269996643066,87.7932968139648,67.7347030639648,0.624199986457825,9.72029972076416,18.0433006286621,23.8743991851807,9.72140026092529,154746.661552458,-519211.163210419
"51",8,NA,NA,NA,NA,NA,NA,NA,NA,NA,152066.244677061,-513235.044111205
"52",15,56.432300567627,3.17569994926453,191.345001220703,146.105392456055,3.04629993438721,4.05399990081787,13.4047002792358,29.3547992706299,4.31839990615845,170837.4238188,-415004.38398107
"53",15,60.9737014770508,10.226300239563,115.423698425293,95.2001037597656,1.30480003356934,8.43970012664795,19.5716991424561,30.0946998596191,8.11639976501465,118649.72164374,-434047.550806004
"54",7,42.1372985839844,0,185.128005981445,176.092300415039,5.94999980926514,2.00099992752075,13.0986995697021,31.1781005859375,1.50759994983673,38178.6738972288,-77943.0202491255
"55",15,46.0836982727051,0,195.516296386719,183.309997558594,6.36870002746582,2.25200009346008,12.3443002700806,30.488899230957,2.02760004997253,40723.1205220729,-80494.4676804254
"56",15,46.0836982727051,0,195.516296386719,183.309997558594,6.36870002746582,2.25200009346008,12.3443002700806,30.488899230957,2.02760004997253,40723.1205220729,-80494.4676804254
"57",9,NA,NA,185.696304321289,176.716293334961,6.0012001991272,2.03870010375977,13.1827001571655,31.2968997955322,1.53470003604889,37805.3706344606,-77393.343313911
"58",9,NA,NA,185.696304321289,176.716293334961,6.0012001991272,2.03870010375977,13.1827001571655,31.2968997955322,1.53470003604889,37805.3706344606,-77393.343313911
"59",5,NA,NA,121.660003662109,121.633102416992,2.13919997215271,8.02200031280518,15.6929998397827,18.8568992614746,7.30719995498657,-222182.622139374,-18682.7179273502
"60",5,44.1399993896484,0,124.120697021484,124.763198852539,2.2846999168396,8.00069999694824,15.7876996994019,20.3376998901367,7.21120023727417,-217795.159896232,-17259.4919187655
"61",5,44.1399993896484,0,124.120697021484,124.763198852539,2.2846999168396,8.00069999694824,15.7876996994019,20.3376998901367,7.21120023727417,-217795.159896232,-17259.4919187655
"62",5,44.1399993896484,0,124.120697021484,124.763198852539,2.2846999168396,8.00069999694824,15.7876996994019,20.3376998901367,7.21120023727417,-217795.159896232,-17259.4919187655
"63",5,44.1399993896484,0,124.120697021484,124.763198852539,2.2846999168396,8.00069999694824,15.7876996994019,20.3376998901367,7.21120023727417,-217795.159896232,-17259.4919187655
"64",15,40.2346992492676,0,144.686004638672,144.930206298828,4.00479984283447,2.89669990539551,14.4036998748779,32.7727012634277,2.34130001068115,13935.8091701359,-38959.5915461597
"65",15,40.2346992492676,0,144.686004638672,144.930206298828,4.00479984283447,2.89669990539551,14.4036998748779,32.7727012634277,2.34130001068115,13935.8091701359,-38959.5915461597
"66",15,42.9080009460449,0,153.078704833984,152.963104248047,3.51620006561279,2.13669991493225,14.0979995727539,32.3763999938965,1.52890002727509,3434.25318829891,-57390.625348316
"67",15,42.9080009460449,0,153.078704833984,152.963104248047,3.51620006561279,2.13669991493225,14.0979995727539,32.3763999938965,1.52890002727509,3434.25318829891,-57390.625348316
"68",15,41.9492988586426,0.294699996709824,127.488700866699,126.72989654541,2.97810006141663,2.875,14.2923002243042,31.4911003112793,2.36400008201599,-516.619795163933,-45656.7221485456
"69",15,37.1257019042969,0,166.328002929688,167.556594848633,3.99539995193481,1.38469994068146,13.0333003997803,31.0970001220703,0.907700002193451,7060.20709540414,-51260.9429962919
"70",15,9.49730014801025,0,223.195297241211,214.011199951172,8.73480033874512,-3.09330010414124,8.69929981231689,24.9972991943359,-2.71630001068115,52748.754012775,-76494.5345564242
"71",15,5.65899991989136,0,214.723999023438,206.447799682617,8.5383996963501,-3.27769994735718,8.31929969787598,24.4885997772217,-2.88439989089966,53858.1208771663,-76863.2203600314
"72",8,38.1613006591797,0,211.789703369141,225.546005249023,4.01429986953735,4.67329978942871,12.4193000793457,28.5624008178711,4.16260004043579,-257655.978173335,102760.30764951
"73",8,33.7703018188477,0,182.952301025391,192.581207275391,3.06970000267029,3.24370002746582,13.2777004241943,30.7189998626709,2.7878999710083,-260020.580464671,121113.004289848
"74",15,39.0709991455078,0,187.445297241211,185.093597412109,2.20679998397827,4.35900020599365,16.362699508667,31.3304004669189,3.51999998092651,-218344.270207032,61006.2684907708
"75",5,40.1889991760254,0,135.381301879883,132.920394897461,2.30139994621277,5.15570020675659,16.6783008575439,28.612699508667,4.2613000869751,-196822.468725917,31621.3038605577
"76",11,39.600700378418,0,187.181701660156,185.05940246582,2.20930004119873,4.35129976272583,16.4452991485596,31.3736000061035,3.50880002975464,-218366.968351473,61465.0056076124
"77",11,39.600700378418,0,187.181701660156,185.05940246582,2.20930004119873,4.35129976272583,16.4452991485596,31.3736000061035,3.50880002975464,-218366.968351473,61465.0056076124
"78",7,36.8872985839844,0,215.80729675293,241.069107055664,3.7820999622345,4.47629976272583,13.8043003082275,29.7840995788574,4.21260023117065,-225833.644884141,77244.9943295643
"79",7,36.8872985839844,0,215.80729675293,241.069107055664,3.7820999622345,4.47629976272583,13.8043003082275,29.7840995788574,4.21260023117065,-225833.644884141,77244.9943295643
"80",15,38.1189994812012,0,153.006698608398,160.720794677734,5.47200012207031,4.49370002746582,16.0883007049561,34.2291984558105,3.67510008811951,-102960.959589123,142396.165378137
"81",15,34.0320014953613,0,192.160995483398,205.945098876953,6.50040006637573,3.66969990730286,15.0012998580933,33.203800201416,2.91319990158081,-94569.0929320731,142361.406206774
"82",15,56.007999420166,14.0120000839233,84.4132995605469,64.9533004760742,1.35839998722076,7.64370012283325,20.0463008880615,27.5368003845215,7.1314001083374,210081.239846724,-494783.51467479
"83",8,59.1082992553711,15.3016996383667,102.764701843262,73.1726989746094,1.46459996700287,8.20800018310547,20.1529998779297,29.0627994537354,7.77479982376099,227311.526770744,-491405.687819392
"84",8,59.1082992553711,15.3016996383667,102.764701843262,73.1726989746094,1.46459996700287,8.20800018310547,20.1529998779297,29.0627994537354,7.77479982376099,227311.526770744,-491405.687819392
"85",5,52.967700958252,20.0056991577148,71.5390014648438,55.0220985412598,1.03620004653931,8.4153003692627,19.2542991638184,24.2959995269775,7.93340015411377,202528.610127482,-492132.636478003
"86",5,52.967700958252,20.0056991577148,71.5390014648438,55.0220985412598,1.03620004653931,8.4153003692627,19.2542991638184,24.2959995269775,7.93340015411377,202528.610127482,-492132.636478003
"87",5,52.967700958252,20.0056991577148,71.5390014648438,55.0220985412598,1.03620004653931,8.4153003692627,19.2542991638184,24.2959995269775,7.93340015411377,202528.610127482,-492132.636478003
"88",15,37.5713005065918,0,166.447692871094,166.080993652344,4.77740001678467,3.31130003929138,14.0207004547119,31.4983997344971,2.59859991073608,-82538.177845684,106975.884999629
"89",15,37.5713005065918,0,166.447692871094,166.080993652344,4.77740001678467,3.31130003929138,14.0207004547119,31.4983997344971,2.59859991073608,-82538.177845684,106975.884999629
"90",7,6.81500005722046,0,195.049301147461,195.985305786133,9.59889984130859,-2.80570006370544,8.67800045013428,29.1762008666992,-3.15590000152588,-87569.1407991025,210994.69080055
"91",7,13.524299621582,0,167.269302368164,172.055801391602,8.2819995880127,-2.48499989509583,10.2412996292114,30.7299995422363,-2.87059998512268,-76848.9313398717,217459.499285019
"92",15,64.456298828125,9.74030017852783,95.9002990722656,83.4700012207031,2.28889989852905,7.54169988632202,17.7936992645264,31.5531997680664,7.44509983062744,253024.160286552,-494203.44807151
"93",15,64.456298828125,9.74030017852783,95.9002990722656,83.4700012207031,2.28889989852905,7.54169988632202,17.7936992645264,31.5531997680664,7.44509983062744,253024.160286552,-494203.44807151
"94",15,64.456298828125,9.74030017852783,95.9002990722656,83.4700012207031,2.28889989852905,7.54169988632202,17.7936992645264,31.5531997680664,7.44509983062744,253024.160286552,-494203.44807151
"95",15,64.456298828125,9.74030017852783,95.9002990722656,83.4700012207031,2.28889989852905,7.54169988632202,17.7936992645264,31.5531997680664,7.44509983062744,253024.160286552,-494203.44807151
"96",8,59.0629997253418,14.7403001785278,84.2969970703125,65.6146011352539,1.94179999828339,6.52869987487793,19.809700012207,33.0518989562988,5.91079998016357,231413.615844008,-461260.96717975
"97",15,64.456298828125,9.74030017852783,95.9002990722656,83.4700012207031,2.28889989852905,7.54169988632202,17.7936992645264,31.5531997680664,7.44509983062744,253024.160286552,-494203.44807151
"98",15,64.456298828125,9.74030017852783,95.9002990722656,83.4700012207031,2.28889989852905,7.54169988632202,17.7936992645264,31.5531997680664,7.44509983062744,253024.160286552,-494203.44807151
"99",15,60.5112991333008,13.0186996459961,87.6507034301758,76.8227996826172,2.23699998855591,7.07070016860962,18.1247005462646,32.1189002990723,6.92799997329712,253399.373633195,-492445.845245715
"100",15,64.456298828125,9.74030017852783,95.9002990722656,83.4700012207031,2.28889989852905,7.54169988632202,17.7936992645264,31.5531997680664,7.44509983062744,253024.160286552,-494203.44807151
"101",15,64.1287002563477,9.42129993438721,95.9682998657227,83.5419998168945,2.26640009880066,7.55030012130737,17.8523006439209,31.6529006958008,7.417799949646,253265.843665214,-494590.222777361
"102",15,60.5112991333008,13.0186996459961,87.6507034301758,76.8227996826172,2.23699998855591,7.07070016860962,18.1247005462646,32.1189002990723,6.92799997329712,253399.373633195,-492445.845245715
"103",5,46.3810005187988,4.43830013275146,83.4997024536133,70.5056991577148,11.5736999511719,0.769999980926514,13.3120002746582,30.4127998352051,0.770699977874756,313556.79018266,-483122.574003941
"104",15,41.2006988525391,0,116.060997009277,109.999298095703,2.67779994010925,5.67170000076294,15.6682996749878,33.2672004699707,4.55569982528687,-103199.851483244,71004.827034934
"105",15,41.2006988525391,0,116.060997009277,109.999298095703,2.67779994010925,5.67170000076294,15.6682996749878,33.2672004699707,4.55569982528687,-103199.851483244,71004.827034934
"106",15,41.2006988525391,0,116.060997009277,109.999298095703,2.67779994010925,5.67170000076294,15.6682996749878,33.2672004699707,4.55569982528687,-103199.851483244,71004.827034934
"107",15,41.2006988525391,0,116.060997009277,109.999298095703,2.67779994010925,5.67170000076294,15.6682996749878,33.2672004699707,4.55569982528687,-103199.851483244,71004.827034934
"108",15,41.2006988525391,0,116.060997009277,109.999298095703,2.67779994010925,5.67170000076294,15.6682996749878,33.2672004699707,4.55569982528687,-103199.851483244,71004.827034934
"109",15,41.1842994689941,0,89.4970016479492,83.5883026123047,0.930400013923645,1.08599996566772,15.7819995880127,32.4317016601562,0.273099988698959,-84593.3827627086,-179369.192037671
"110",15,45.5792999267578,1.4103000164032,86.992301940918,83.8718032836914,1.396399974823,2.32200002670288,16.1056995391846,31.6854000091553,1.65339994430542,-105821.419686525,-169084.03992787
"111",3,28.1093006134033,42.6743011474609,30.0020008087158,25.6667995452881,6.36569976806641,4.31300020217896,14.6366996765137,34.3242988586426,3.67070007324219,271186.507536827,-325789.395190496
"112",3,56.3959999084473,15.649299621582,67.3556976318359,60.5778007507324,3.6136999130249,4.79829978942871,17.2082996368408,36.0429000854492,4.37200021743774,315321.100109054,-433964.857643296
"113",15,57.8437004089355,13.6230001449585,87.7170028686523,71.0622024536133,1.43840003013611,7.09000015258789,19.7696990966797,27.5795993804932,6.44789981842041,248904.2024945,-505083.643042875
"114",15,42.3549995422363,3.53730010986328,85.0179977416992,78.4044036865234,1.85000002384186,5.95469999313354,15.1309995651245,30.2063999176025,5.77470016479492,-141405.32110592,-39419.5332137421
"115",15,42.3549995422363,3.53730010986328,85.0179977416992,78.4044036865234,1.85000002384186,5.95469999313354,15.1309995651245,30.2063999176025,5.77470016479492,-141405.32110592,-39419.5332137421
"116",15,42.3549995422363,3.53730010986328,85.0179977416992,78.4044036865234,1.85000002384186,5.95469999313354,15.1309995651245,30.2063999176025,5.77470016479492,-141405.32110592,-39419.5332137421
"117",2,46.5279998779297,0,74.0559997558594,69.3218002319336,1.97469997406006,5.62099981307983,15.5792999267578,31.1058006286621,5.29930019378662,-141384.691643871,-39241.9912532051
"118",11,43.6502990722656,0,87.8503036499023,83.1119003295898,1.47490000724792,5.16370010375977,16.0823001861572,32.7859001159668,4.03439998626709,-95362.3549996675,19939.4780916627
"119",2,43.3339996337891,0.0386999994516373,61.0962982177734,56.7877998352051,1.47679996490479,4.77600002288818,15.8629999160767,30.6679992675781,3.94099998474121,-131454.402483106,-42628.4018753911
"120",2,43.3339996337891,0.0386999994516373,61.0962982177734,56.7877998352051,1.47679996490479,4.77600002288818,15.8629999160767,30.6679992675781,3.94099998474121,-131454.402483106,-42628.4018753911
"121",2,43.3339996337891,0.0386999994516373,61.0962982177734,56.7877998352051,1.47679996490479,4.77600002288818,15.8629999160767,30.6679992675781,3.94099998474121,-131454.402483106,-42628.4018753911
"122",2,43.3339996337891,0.0386999994516373,61.0962982177734,56.7877998352051,1.47679996490479,4.77600002288818,15.8629999160767,30.6679992675781,3.94099998474121,-131454.402483106,-42628.4018753911
"123",5,52.301700592041,4.1382999420166,94.8470001220703,90.1608963012695,2.90790009498596,3.74729990959167,17.43869972229,30.182300567627,2.5297999382019,-60792.3973432383,-280624.126390985
"124",5,58.2719993591309,0.0447000004351139,114.482696533203,101.501998901367,1.18929994106293,6.33699989318848,17.9682998657227,23.4197006225586,5.62960004806519,-67548.9221966252,-298411.418023466
"125",5,58.8600006103516,5.96000003814697,105.556701660156,88.8619003295898,1.13489997386932,6.97830009460449,17.9407005310059,22.8012008666992,6.02299976348877,20294.2001840937,-399761.846846614
"126",7,47.940299987793,0,146.647003173828,142.675201416016,1.68840003013611,5.23299980163574,17.011999130249,24.8372993469238,4.62680006027222,-169160.057027729,-111161.854218096
"127",7,47.940299987793,0,146.647003173828,142.675201416016,1.68840003013611,5.23299980163574,17.011999130249,24.8372993469238,4.62680006027222,-169160.057027729,-111161.854218096
"128",7,47.940299987793,0,146.647003173828,142.675201416016,1.68840003013611,5.23299980163574,17.011999130249,24.8372993469238,4.62680006027222,-169160.057027729,-111161.854218096
"129",7,29.1480007171631,0,316.875701904297,314.630401611328,16.494800567627,2.64499998092651,14.1167001724243,33.2207984924316,2.24000000953674,-188691.268171087,319822.159041665
"130",7,28.6142997741699,0,305.160308837891,304.123107910156,13.2040996551514,2.8636999130249,13.9666996002197,33.1967010498047,2.68129992485046,-195919.52781972,311728.903099312
"131",15,15.5697002410889,0,233.752304077148,244.135406494141,14.2424001693726,-0.500699996948242,11.5507001876831,31.1788997650146,-0.792800009250641,-225859.25860571,294945.17606327
"132",15,15.5697002410889,0,233.752304077148,244.135406494141,14.2424001693726,-0.500699996948242,11.5507001876831,31.1788997650146,-0.792800009250641,-225859.25860571,294945.17606327
"133",15,29.5487003326416,0,304.274291992188,301.888793945312,12.8568000793457,3.43569993972778,13.975700378418,33.1520004272461,3.13790011405945,-197629.330418929,308964.742839362
"134",7,NA,NA,342.361999511719,325.028686523438,15.3896999359131,2.74970006942749,14.4409999847412,33.3978004455566,2.44519996643066,-199756.908213869,321479.052594187
"135",7,NA,NA,342.361999511719,325.028686523438,15.3896999359131,2.74970006942749,14.4409999847412,33.3978004455566,2.44519996643066,-199756.908213869,321479.052594187
"136",7,26.6389999389648,0,326.455291748047,322.004608154297,17.3159999847412,2.41799998283386,13.7747001647949,33.2421989440918,1.98389995098114,-189491.891648121,325577.126966758
"137",15,29.5487003326416,0,304.274291992188,301.888793945312,12.8568000793457,3.43569993972778,13.975700378418,33.1520004272461,3.13790011405945,-197629.330418929,308964.742839362
"138",15,29.5487003326416,0,304.274291992188,301.888793945312,12.8568000793457,3.43569993972778,13.975700378418,33.1520004272461,3.13790011405945,-197629.330418929,308964.742839362
"139",15,29.9610004425049,0,320.394287109375,318.370697021484,17.5946006774902,2.42129993438721,13.5247001647949,32.8002014160156,2.06620001792908,-188911.079173826,320443.604062512
"140",15,32.9902992248535,0,118.343299865723,124.589599609375,6.46880006790161,4.54370021820068,15.6859998703003,34.5075988769531,3.49830007553101,-200101.373825312,241451.248462475
"141",7,28.8719997406006,0,312.597991943359,309.893798828125,15.487099647522,2.40400004386902,14.168999671936,33.2537994384766,2.07480001449585,-189961.075792221,319383.658933136
"142",7,11.8730001449585,0,100.233703613281,106.530899047852,13.0256004333496,-1.42630004882812,9.7923002243042,28.9916000366211,-2.20129990577698,-202512.004687555,384198.630172015
"143",15,27.3246994018555,0,334.278686523438,322.878692626953,17.6763000488281,1.93669998645782,13.1850004196167,32.779598236084,1.58790004253387,-189802.151647903,327312.129892369
"144",15,27.3246994018555,0,334.278686523438,322.878692626953,17.6763000488281,1.93669998645782,13.1850004196167,32.779598236084,1.58790004253387,-189802.151647903,327312.129892369
"145",15,27.1919994354248,0,331.229705810547,322.023101806641,17.4932994842529,2.11330008506775,13.3566999435425,32.9030990600586,1.69439995288849,-189323.508990561,327381.819095742
"146",15,27.1919994354248,0,331.229705810547,322.023101806641,17.4932994842529,2.11330008506775,13.3566999435425,32.9030990600586,1.69439995288849,-189323.508990561,327381.819095742
"147",7,28.0450000762939,0,304.36669921875,303.82958984375,12.9727001190186,2.85170006752014,13.8520002365112,33.1892013549805,2.68630003929138,-195807.332530743,311551.812405459
"148",15,31.2882995605469,0,131.821304321289,139.369903564453,8.44130039215088,4.02799987792969,15.6766996383667,34.7196998596191,2.90879988670349,-192289.908228791,274682.450122077
"149",2,31.1707000732422,0.0533000007271767,199.615005493164,203.983993530273,10.9472999572754,4.26469993591309,15.7270002365112,34.7928009033203,3.53830003738403,-207087.292463494,290662.015586205
"150",15,31.2882995605469,0,131.821304321289,139.369903564453,8.44130039215088,4.02799987792969,15.6766996383667,34.7196998596191,2.90879988670349,-192289.908228791,274682.450122077
"151",15,35.0707015991211,0,155.837295532227,149.436798095703,1.92809998989105,3.77530002593994,15.2777004241943,32.5438003540039,3.2846999168396,-182514.405417395,56582.4941797866
"152",15,35.0707015991211,0,155.837295532227,149.436798095703,1.92809998989105,3.77530002593994,15.2777004241943,32.5438003540039,3.2846999168396,-182514.405417395,56582.4941797866
"153",7,41.1067008972168,0,264.61669921875,285.076690673828,3.57879996299744,4.9407000541687,15.1072998046875,27.363899230957,4.4109001159668,-261895.088144954,62498.3253499726
"154",7,41.1067008972168,0,264.61669921875,285.076690673828,3.57879996299744,4.9407000541687,15.1072998046875,27.363899230957,4.4109001159668,-261895.088144954,62498.3253499726
"155",15,39.8123016357422,0,198.711700439453,202.842407226562,3.02369999885559,5.15170001983643,15.4809999465942,30.7992992401123,4.66400003433228,-221853.209574505,39284.3713840549
"156",15,39.8123016357422,0,198.711700439453,202.842407226562,3.02369999885559,5.15170001983643,15.4809999465942,30.7992992401123,4.66400003433228,-221853.209574505,39284.3713840549
"157",15,39.8123016357422,0,198.711700439453,202.842407226562,3.02369999885559,5.15170001983643,15.4809999465942,30.7992992401123,4.66400003433228,-221853.209574505,39284.3713840549
"158",15,39.8123016357422,0,198.711700439453,202.842407226562,3.02369999885559,5.15170001983643,15.4809999465942,30.7992992401123,4.66400003433228,-221853.209574505,39284.3713840549
"159",15,39.9016990661621,0,218.22770690918,224.608001708984,2.55460000038147,4.56629991531372,15.960000038147,27.656099319458,3.87190008163452,-251601.81314984,44558.6040034113
"160",15,39.9016990661621,0,218.22770690918,224.608001708984,2.55460000038147,4.56629991531372,15.960000038147,27.656099319458,3.87190008163452,-251601.81314984,44558.6040034113
"161",5,41.244701385498,0,150.917297363281,148.076904296875,2.37660002708435,4.52699995040894,17.003999710083,30.3959007263184,3.65840005874634,-217136.755901051,34356.4404250355
"162",5,41.244701385498,0,150.917297363281,148.076904296875,2.37660002708435,4.52699995040894,17.003999710083,30.3959007263184,3.65840005874634,-217136.755901051,34356.4404250355
"163",15,20.5102996826172,0,131.925704956055,144.979400634766,10.3563003540039,0.176300004124641,11.8529996871948,31.7637996673584,-0.142100006341934,-235479.92075342,303556.992375471
"164",15,20.5102996826172,0,131.925704956055,144.979400634766,10.3563003540039,0.176300004124641,11.8529996871948,31.7637996673584,-0.142100006341934,-235479.92075342,303556.992375471
"165",9,NA,NA,130.432693481445,143.992004394531,9.86559963226318,0.445699989795685,12.3233003616333,32.103401184082,0.155399993062019,-237196.777682314,305224.842457206
"166",9,NA,NA,130.432693481445,143.992004394531,9.86559963226318,0.445699989795685,12.3233003616333,32.103401184082,0.155399993062019,-237196.777682314,305224.842457206
"167",7,23.3400001525879,0,131.526306152344,144.512298583984,9.77579975128174,0.421700000762939,12.0543003082275,32.0842018127441,0.14020000398159,-236997.22512555,306797.22482972
"168",7,23.3400001525879,0,131.526306152344,144.512298583984,9.77579975128174,0.421700000762939,12.0543003082275,32.0842018127441,0.14020000398159,-236997.22512555,306797.22482972
"169",7,20.065299987793,0,138.822692871094,158.410293579102,10.3171997070312,0.156000003218651,11.6522998809814,31.6252002716064,-0.0527999997138977,-246262.115673664,299459.286242839
"170",7,20.065299987793,0,138.822692871094,158.410293579102,10.3171997070312,0.156000003218651,11.6522998809814,31.6252002716064,-0.0527999997138977,-246262.115673664,299459.286242839
"171",7,22.9883003234863,0,140.651000976562,159.993804931641,9.27299976348877,0.636300027370453,12.3090000152588,32.3970985412598,0.325100004673004,-249547.469455631,296297.334584738
"172",7,22.9883003234863,0,140.651000976562,159.993804931641,9.27299976348877,0.636300027370453,12.3090000152588,32.3970985412598,0.325100004673004,-249547.469455631,296297.334584738
"173",7,14.7252998352051,0,147.307006835938,174.578094482422,9.11439990997314,-1.36769998073578,10.0817003250122,29.9733009338379,-1.70070004463196,-257621.077623946,288969.699688002
"174",7,14.7252998352051,0,147.307006835938,174.578094482422,9.11439990997314,-1.36769998073578,10.0817003250122,29.9733009338379,-1.70070004463196,-257621.077623946,288969.699688002
"175",9,18.4500007629395,0,134.124694824219,151.732192993164,9.31779956817627,-0.0976999998092651,10.8107004165649,31.2376003265381,-0.375299990177155,-234536.847657681,309886.813005441
"176",9,18.4500007629395,0,134.124694824219,151.732192993164,9.31779956817627,-0.0976999998092651,10.8107004165649,31.2376003265381,-0.375299990177155,-234536.847657681,309886.813005441
"177",15,NA,NA,135.890701293945,154.165603637695,8.76529979705811,0.265300005674362,11.1536998748779,31.8661003112793,0.0342000015079975,-233902.211306254,311193.226027807
"178",15,41.8546981811523,0,140.451995849609,142.030700683594,3.45589995384216,3.90070009231567,14.7836999893188,32.6362991333008,3.00119996070862,-58484.8876964879,5920.34183946159
"179",15,22.19700050354,0,149.830703735352,149.459594726562,8.73830032348633,-1.14699995517731,10.519700050354,27.886999130249,-1.394700050354,18594.5693825221,-6889.95130224759
"180",8,58.681999206543,10.3413000106812,117.291000366211,96.2276992797852,0.819100022315979,6.59730005264282,18.7590007781982,26.3516006469727,6.2121000289917,71178.3669394994,-413303.577916132
"181",8,58.681999206543,10.3413000106812,117.291000366211,96.2276992797852,0.819100022315979,6.59730005264282,18.7590007781982,26.3516006469727,6.2121000289917,71178.3669394994,-413303.577916132
"182",5,NA,NA,95.7519989013672,77.3833999633789,0.787899971008301,8.7519998550415,18.8103008270264,23.1678009033203,8.58310031890869,90992.3222051337,-437744.878669063
"183",8,58.681999206543,10.3413000106812,117.291000366211,96.2276992797852,0.819100022315979,6.59730005264282,18.7590007781982,26.3516006469727,6.2121000289917,71178.3669394994,-413303.577916132
"184",2,38.6012992858887,0,119.447998046875,121.487602233887,2.4818000793457,4.05700016021729,14.4746999740601,32.2186012268066,3.57870006561279,-194488.854841787,92722.5480787111
"185",2,38.6012992858887,0,119.447998046875,121.487602233887,2.4818000793457,4.05700016021729,14.4746999740601,32.2186012268066,3.57870006561279,-194488.854841787,92722.5480787111
"186",2,38.6012992858887,0,119.447998046875,121.487602233887,2.4818000793457,4.05700016021729,14.4746999740601,32.2186012268066,3.57870006561279,-194488.854841787,92722.5480787111
"187",2,38.6012992858887,0,119.447998046875,121.487602233887,2.4818000793457,4.05700016021729,14.4746999740601,32.2186012268066,3.57870006561279,-194488.854841787,92722.5480787111
"188",2,38.6012992858887,0,119.447998046875,121.487602233887,2.4818000793457,4.05700016021729,14.4746999740601,32.2186012268066,3.57870006561279,-194488.854841787,92722.5480787111
"189",2,38.6012992858887,0,119.447998046875,121.487602233887,2.4818000793457,4.05700016021729,14.4746999740601,32.2186012268066,3.57870006561279,-194488.854841787,92722.5480787111
"190",2,38.6012992858887,0,119.447998046875,121.487602233887,2.4818000793457,4.05700016021729,14.4746999740601,32.2186012268066,3.57870006561279,-194488.854841787,92722.5480787111
