,aet,cwd,ppt,pptdjf,pptjja,tmn,tmx,tmxjja,tmndjf,fveg
1,31.16200066,0.089299999,125.3182983,121.4685974,2.017800093,5.103000164,12.95470047,24.84359932,5.464099884,15
2,30.36730003,0,120.2850037,118.5388031,1.821799994,5.706699848,13.87530041,23.26440048,6.165200233,5
3,31.1779995,0.038699999,118.5522995,115.4779968,1.859099984,6.451700211,13.97070026,22.25270081,6.943799973,5
4,28.91970062,0.162,74.79100037,72.35009766,1.171900034,3.512700081,13.65869999,29.86910057,3.992000103,15
5,23.50099945,0.182699993,243.6260071,241.5482025,8.0145998,3.832700014,12.57970047,31.58180046,4.025100231,2
6,31.70969963,0,136.3300018,130.8011932,2.266599894,5.748700142,12.17269993,26.57859993,6.098800182,15
7,28.4307003,0,134.8276978,135.184906,2.011899948,3.970299959,12.67700005,27.30760002,4.362299919,15
8,29.00029945,0.0103,99.81030273,96.86710358,1.415099978,3.803299904,13.3760004,28.91419983,4.342400074,5
9,28.59000015,0,130.3052979,130.1186981,2.504699945,5.398700237,12.98999977,24.28009987,5.827000141,15
10,29.50270081,0,129.9432983,129.7183075,2.557699919,5.290999889,12.93630028,25.57430077,5.695600033,8
11,30.32999992,0,133.5590057,137.3280029,2.727099895,6.476299763,12.40069962,25.10300064,6.83010006,4
12,29.63999939,0,132.7409973,135.6239929,2.711600065,6.334000111,12.50230026,25.19869995,6.679900169,15
13,29.57799911,0,128.7669983,127.3660965,2.367300034,5.37169981,13.23270035,24.05170059,5.837200165,15
14,29.67099953,0,128.4470062,126.8947983,2.331899881,5.322700024,13.29199982,23.79859924,5.770199776,4
15,20.52829933,0,230.6080017,225.7042999,8.033399582,0.326999992,12.29870033,30.64990044,0.404799998,7
16,23.38299942,0,229.0910034,237.0496063,7.905700207,2.623699903,11.22729969,30.93880081,2.466300011,7
17,24.84399986,0,222.5970001,231.9197998,7.421299934,2.638299942,11.60330009,30.96590042,2.546000004,5
18,21.77869987,0,251.4980011,258.196106,10.17380047,3.504300117,11.64700031,27.22439957,3.627099991,2
19,30.07729912,7.317699909,61.43930054,59.11429977,1.482300043,1.706699967,11.81099987,31.17959976,1.603600025,15
20,37.22399902,1.279999971,75.35970306,68.44860077,3.174000025,1.970000029,15.23499966,35.31990051,2.379800081,5
21,18.04430008,0,149.4340057,152.9669952,2.543200016,0.574999988,12.65200043,32.21979904,0.891099989,15
22,22.19930077,0,232.9949951,233.1179962,5.808199883,2.657000065,11.35099983,30.11770058,2.552599907,7
23,16.97999954,0,197.978302,198.0628967,4.970099926,0.27700001,12.30669975,31.36070061,0.565100014,5
24,18.81100082,0,147.2306976,140.5652008,2.440000057,0.694000006,13.19569969,32.60879898,1.003100038,15
25,22.84630013,0.127000004,123.870697,114.802002,2.994299889,3.438699961,12.25399971,33.63880157,3.622200012,15
26,22.09029961,0,281.7486877,281.1885986,5.275700092,3.323699951,11.14700031,30.29590034,3.27940011,7
27,19.67930031,0,174.8363037,178.6804047,2.508599997,1.382699966,12.89299965,31.90410042,1.62440002,8
28,20.05929947,0,161.9277039,163.7395935,2.642699957,0.689300001,12.74269962,32.05899811,0.988900006,15
29,48.08929825,12.45069981,95.18099976,89.10710144,1.204200029,6.816699982,19.01729965,33.12360001,6.832900047,8
30,53.4496994,6.666999817,112.4712982,101.1176987,1.073899984,7.501699924,17.33530045,31.95759964,7.61590004,8
31,50.10029984,9.346300125,104.8509979,94.29940033,1.198199987,8.37100029,18.3920002,31.79990005,8.338600159,8
32,19.51370049,0,196.0800018,184.9420929,4.789800167,-0.999000013,11.04730034,28.79730034,-0.523599982,7
33,18.68099976,0,252.2779999,251.9125977,6.212800026,0.978699982,11.86800003,27.46509933,1.044100046,15
34,16.40800095,0,334.225708,341.1211853,9.621299744,1.395300031,11.7652998,26.45359993,1.543900013,8
35,17.92900085,0,239.6542969,239.0184021,5.666600227,0.584699988,12.35499954,27.62269974,0.708800018,7
36,36.84030151,0.632700026,127.6316986,108.5702972,1.567899942,5.896999836,15.73799992,19.8178997,6.140799999,15
37,32.86429977,0.309300005,107.8436966,111.3917999,0.719600022,1.670300007,16.90699959,33.63639832,1.994300008,15
38,25.79030037,0.215000004,197.4940033,202.3699036,3.257699966,3.850300074,11.83269978,28.92270088,3.927700043,5
39,26.24169922,0,206.7389984,225.5460052,4.01429987,4.122000217,11.48799992,28.56240082,4.16260004,8
40,21.42670059,0,194.120697,194.5265961,3.159100056,2.532999992,11.72529984,31.08189964,2.763400078,15
41,24.55470085,0.072999999,181.9830017,185.0935974,2.206799984,3.273699999,14.10700035,31.33040047,3.519999981,15
42,25.74130058,0.076300003,131.0509949,132.9203949,2.301399946,3.849699974,13.89970016,28.61269951,4.261300087,5
43,24.94370079,0.085299999,182.2337036,185.0594025,2.209300041,3.255300045,14.13469982,31.37360001,3.50880003,11
44,19.24769974,0,256.8009949,263.4049988,7.675199986,0.915700018,10.90600014,29.54400063,1.085600019,7
45,43.45270157,20.95070076,66.87870026,73.17269897,1.464599967,7.65170002,20.08600044,29.06279945,7.774799824,8
46,36.92499924,26.31500053,51.82130051,55.02209854,1.036200047,7.957300186,19.16670036,24.29599953,7.933400154,5
47,21.59569931,0,152.5926971,151.8439026,3.907799959,2.853699923,12.35999966,31.76409912,3.279599905,9
48,25.38829994,0,151.3383026,150.1584015,3.895800114,3.420700073,12.27830029,32.98920059,3.928999901,15
49,22.77869987,0,161.6486969,162.9210052,4.536699772,2.548300028,12.54370022,31.50839996,2.863399982,15
50,25.33499908,0,125.6800003,124.466301,3.34559989,3.585999966,12.3362999,32.8730011,4.105700016,15
51,1.733299971,0,183.723999,194.5149994,9.202199936,-3.246999979,7.203000069,29.34519958,-3.151599884,7
52,24.43400002,0,151.1649933,149.9178009,3.971400023,2.961999893,12.20170021,32.29259872,3.445100069,15
53,23.65970039,0,156.9853058,157.3883972,4.297399998,2.145299911,12.46070004,31.2682991,2.483099937,15
54,24.68569946,0,158.3527069,166.1477966,4.298600197,2.495699883,12.63500023,31.50909996,2.903300047,15
55,51.2983017,14.94169998,110.1019974,83.47000122,2.288899899,7.56799984,18.47570038,31.55319977,7.445099831,15
56,50.85070038,14.53929996,110.3177032,83.54199982,2.266400099,7.538000107,18.50699997,31.6529007,7.41779995,15
57,48.72900009,16.5177002,101.9400024,76.82279968,2.236999989,7.047699928,18.69300079,32.1189003,6.927999973,15
58,25.9633007,0,116.2720032,109.9992981,2.67779994,4.110000134,12.29529953,33.26720047,4.555699825,15
59,26.25469971,0,99.61370087,93.32800293,2.73390007,4.339700222,12.28069973,32.66759872,4.740300179,15
60,33.54199982,0.354299992,93.59269714,83.87180328,1.396399975,1.469699979,15.61600018,31.68540001,1.653399944,15
61,31.76370049,1.231999993,76.94930267,78.40440369,1.850000024,5.605000019,13.56970024,30.20639992,5.774700165,15
62,31.67029953,0,196.0570068,183.8016052,2.567699909,4.78429985,14.48970032,28.57119942,4.954599857,7
63,46.01729965,1.006000042,136.5249939,122.2048035,0.963,6.627999783,19.01029968,30.61790085,6.488599777,15
64,48.54470062,1.004999995,136.4306946,126.2149963,0.640600026,4.702300072,18.60269928,33.4510994,4.71420002,15
65,35.1072998,0,148.151001,142.6752014,1.68840003,4.454999924,16.37000084,24.83729935,4.62680006,7
66,36.1609993,0,201.0130005,191.4904022,2.421600103,4.337999821,15.99569988,24.12229919,4.570199966,15
67,35.16870117,0,174.975296,165.1618958,2.248600006,4.612699986,15.88370037,22.5883007,4.921999931,15
68,14.22630024,0,262.4637146,289.8599854,14.3107996,2.082000017,10.75230026,32.36209869,2.194099903,7
69,14.63099957,0,304.8536987,328.6901855,19.72859955,1.26699996,10.34770012,32.07320023,1.443400025,15
70,16.09370041,0,300.1932983,322.0231018,17.49329948,1.506999969,11.11929989,32.90309906,1.694399953,15
71,17.68829918,0,293.1263123,309.8937988,15.48709965,1.993999958,11.94330025,33.25379944,2.074800014,7
72,15.88070011,0,299.855011,322.8786926,17.67630005,1.345000029,10.85200024,32.77959824,1.587900043,15
73,25.4659996,0,169.0023041,169.4362946,2.632200003,3.688999891,14.04100037,27.73200035,4.019999981,15
74,25.59569931,0.053300001,172.5630035,166.4797058,2.832299948,4.037700176,13.90999985,18.87339973,4.278100014,2
75,26.62870026,0,203.7223053,202.8424072,3.023699999,4.472000122,13.24269962,30.79929924,4.664000034,15
76,11.13399982,0,142.2926941,145.0227051,9.774900436,0.039999999,8.623700142,31.91419983,0.058899999,7
77,37.01800156,0.287,134.8029938,122.2298965,6.310599804,2.538700104,13.75570011,33.31370163,2.930999994,15
78,11.02830029,0,177.2787018,162.5386047,9.361100197,-1.942000031,8.503000259,27.90270042,-1.853600025,15
79,25.69799995,0.052999999,171.8896942,157.5413055,3.733700037,1.24000001,12.40429974,32.14789963,1.471300006,15
80,25.73629951,0.0277,178.3000031,165.561203,4.061600208,0.82069999,12.27770042,31.55960083,1.033900023,15
81,14.26729965,0,193.2117004,186.5213928,6.1729002,-0.828000009,9.84869957,29.17110062,-0.834800005,15
82,14.65229988,0,192.6309967,186.4075928,5.930900097,-0.694299996,10.37069988,29.86510086,-0.601999998,7
83,17.98130035,0,195.719696,188.4255981,5.744400024,0.052000001,10.0532999,29.48590088,0.120399997,7
84,50.26200104,8.118000031,106.6552963,96.22769928,0.819100022,6.289000034,18.76300049,26.35160065,6.212100029,8
85,47.43399811,8.512700081,85.36769867,81.10800171,0.780099988,6.826700211,19.02499962,23.27140045,6.881400108,5
86,19.13800049,0,124.236702,118.4213028,2.480900049,2.125699997,13.13829994,32.92539978,2.419399977,15
87,24.74370003,0.095700003,123.5873032,121.4876022,2.481800079,3.361299992,12.49100018,32.21860123,3.578700066,2
88,42.55199814,0,106.5723038,104.6288986,1.857800007,4.737999916,15.52869987,27.81489944,3.994699955,15
89,43.36629868,0,113.6667023,113.6107025,1.775300026,6.374300003,15.67430019,23.67020035,5.65899992,15
90,44.31000137,0,92.94599915,89.84429932,1.496000051,7.052000046,16.04500008,24.71159935,6.088699818,5
91,43.61000061,0,119.151001,115.4779968,1.859099984,7.73029995,15.88399982,22.25270081,6.943799973,5
92,42.6957016,1.312000036,107.2003021,104.8143997,1.850700021,5.296700001,15.85830021,27.61319923,4.761300087,15
93,42.34529877,0,108.4520035,106.3506012,1.853199959,5.400300026,15.46170044,27.14209938,4.985099792,15
94,41.24330139,0,162.8222961,164.4208984,4.934999943,3.585999966,13.85669994,31.89100075,2.99090004,2
95,18.42130089,0,325.2163086,337.0168152,17.35020065,-0.146699995,12.29669952,32.83869934,-0.622699976,15
96,0,0,151.9057007,163.6056976,20.89489937,-6.545300007,6.028299809,23.22410011,-6.548099995,1
97,28.5746994,0,322.1976929,330.6362,10.01179981,2.038000107,11.75469971,28.69610023,2.164200068,7
98,37.26670074,0,161.0923004,165.3278961,5.508600235,5.376299858,15.50870037,33.44309998,4.217999935,15
99,36.60329819,0,184.2660065,193.020401,6.456299782,5.59070015,15.03969955,32.79320145,4.548799992,15
100,43.58330154,0.097000003,138.5279999,141.0933075,3.606899977,3.272300005,14.94270039,33.01520157,2.45359993,15
101,37.47700119,0,165.6569977,167.0283966,4.782000065,2.013700008,14.20400047,31.2451992,1.364400029,15
102,42.19670105,0,140.3923035,135.6239929,2.711600065,7.349999905,14.54030037,25.19869995,6.679900169,15
103,42.54669952,0,136.6390076,132.3759003,2.562700033,6.955299854,14.81669998,25.3696003,6.337999821,5
104,42.08670044,0,136.7830048,132.5917053,2.586699963,6.908299923,14.77600002,25.60180092,6.256999969,15
105,41.01570129,0,133.9263,130.1186981,2.504699945,6.438700199,15.20199966,24.28009987,5.827000141,15
106,42.86330032,0,142.4223022,137.3280029,2.727099895,7.555300236,14.36299992,25.10300064,6.83010006,4
107,42.92670059,0,134.598999,130.8802032,2.553100109,7.166699886,14.7347002,25.57419968,6.533100128,15
108,42.68000031,0,142.0950012,137.1304016,2.814899921,7.414299965,14.40200043,25.55890083,6.698400021,2
109,42.55329895,0,134.5422974,130.790802,2.582000017,6.861299992,14.83329964,25.74180031,6.257699966,2
110,42.10630035,0,130.0859985,126.8947983,2.331899881,6.37169981,15.45030022,23.79859924,5.770199776,4
111,39.6446991,0,160.9786987,163.7203979,4.347599983,3.308700085,14.88029957,32.32910156,2.338700056,5
112,37.61769867,0,201.405304,206.3652954,6.248799801,3.082700014,13.22369957,31.11190033,2.856699944,15
113,21.51169968,0,157.9839935,186.5453949,8.689700127,0.854300022,9.550700188,27.36090088,0.794200003,15
114,31.90270042,0,234.0377045,262.8720093,9.7645998,2.889699936,13.15330029,29.47610092,2.8204,2
115,30.62030029,0,187.8833008,198.6378937,3.814199924,1.507699966,14.19729996,31.77659988,0.779600024,15
116,30.67900085,0,154.5886993,152.9669952,2.543200016,1.682700038,14.55869961,32.21979904,0.891099989,15
117,32.90530014,0,164.3937073,163.7395935,2.642699957,1.730700016,14.61699963,32.05899811,0.988900006,15
118,55.13600159,16.4272995,92.01129913,72.0141983,1.315799952,9.828700066,19.70229912,26.83769989,9.215299606,5
119,61.04570007,14.80430031,117.7300034,102.1173019,1.420400023,10.02799988,18.83300018,29.20870018,10.22840023,8
120,60.4817009,17.21500015,98.78769684,78.70030212,0.939199984,9.570699692,19.22529984,24.39439964,9.476599693,5
121,65.71970367,2.930299997,165.6356964,143.8368988,0.999800026,7.693999767,17.3553009,27.55240059,8.251899719,15
122,51.66400146,9.882699966,87.79329681,67.73470306,0.624199986,9.720299721,18.04330063,23.87439919,9.721400261,8
123,56.43230057,3.175699949,191.3450012,146.1053925,3.046299934,4.053999901,13.40470028,29.35479927,4.318399906,15
124,60.97370148,10.22630024,115.4236984,95.20010376,1.304800034,8.439700127,19.57169914,30.09469986,8.116399765,15
125,42.13729858,0,185.128006,176.0923004,5.949999809,2.000999928,13.09869957,31.17810059,1.50759995,7
126,46.08369827,0,195.5162964,183.3099976,6.368700027,2.252000093,12.34430027,30.48889923,2.02760005,15
127,44.13999939,0,124.120697,124.7631989,2.284699917,8.000699997,15.7876997,20.33769989,7.211200237,5
128,40.23469925,0,144.6860046,144.9302063,4.004799843,2.896699905,14.40369987,32.77270126,2.341300011,15
129,42.90800095,0,153.0787048,152.9631042,3.516200066,2.136699915,14.09799957,32.37639999,1.528900027,15
130,41.94929886,0.294699997,127.4887009,126.7298965,2.978100061,2.875,14.29230022,31.49110031,2.364000082,15
131,37.1257019,0,166.3280029,167.5565948,3.995399952,1.384699941,13.0333004,31.09700012,0.907700002,15
132,9.497300148,0,223.1952972,214.0112,8.734800339,-3.093300104,8.699299812,24.99729919,-2.716300011,15
133,5.65899992,0,214.723999,206.4477997,8.538399696,-3.277699947,8.319299698,24.48859978,-2.884399891,15
134,38.16130066,0,211.7897034,225.5460052,4.01429987,4.673299789,12.41930008,28.56240082,4.16260004,8
135,33.77030182,0,182.952301,192.5812073,3.069700003,3.243700027,13.27770042,30.71899986,2.787899971,8
136,39.07099915,0,187.4452972,185.0935974,2.206799984,4.359000206,16.36269951,31.33040047,3.519999981,15
137,40.18899918,0,135.3813019,132.9203949,2.301399946,5.155700207,16.67830086,28.61269951,4.261300087,5
138,39.60070038,0,187.1817017,185.0594025,2.209300041,4.351299763,16.44529915,31.37360001,3.50880003,11
139,36.88729858,0,215.8072968,241.0691071,3.782099962,4.476299763,13.80430031,29.78409958,4.212600231,7
140,38.11899948,0,153.0066986,160.7207947,5.472000122,4.493700027,16.0883007,34.22919846,3.675100088,15
141,34.0320015,0,192.1609955,205.9450989,6.500400066,3.669699907,15.00129986,33.2038002,2.913199902,15
142,56.00799942,14.01200008,84.41329956,64.95330048,1.358399987,7.643700123,20.04630089,27.53680038,7.131400108,15
143,59.10829926,15.30169964,102.7647018,73.17269897,1.464599967,8.208000183,20.15299988,29.06279945,7.774799824,8
144,52.96770096,20.00569916,71.53900146,55.02209854,1.036200047,8.415300369,19.25429916,24.29599953,7.933400154,5
145,37.57130051,0,166.4476929,166.0809937,4.777400017,3.311300039,14.02070045,31.49839973,2.598599911,15
146,6.815000057,0,195.0493011,195.9853058,9.598899841,-2.805700064,8.67800045,29.17620087,-3.155900002,7
147,13.52429962,0,167.2693024,172.0558014,8.281999588,-2.484999895,10.24129963,30.72999954,-2.870599985,7
148,64.45629883,9.740300179,95.90029907,83.47000122,2.288899899,7.541699886,17.79369926,31.55319977,7.445099831,15
149,59.06299973,14.74030018,84.29699707,65.61460114,1.941799998,6.528699875,19.80970001,33.05189896,5.91079998,8
150,60.51129913,13.01869965,87.65070343,76.82279968,2.236999989,7.070700169,18.12470055,32.1189003,6.927999973,15
151,64.12870026,9.421299934,95.96829987,83.54199982,2.266400099,7.550300121,17.85230064,31.6529007,7.41779995,15
152,46.38100052,4.438300133,83.49970245,70.50569916,11.57369995,0.769999981,13.31200027,30.41279984,0.770699978,5
153,41.20069885,0,116.060997,109.9992981,2.67779994,5.671700001,15.66829967,33.26720047,4.555699825,15
154,41.18429947,0,89.49700165,83.58830261,0.930400014,1.085999966,15.78199959,32.43170166,0.273099989,15
155,45.57929993,1.410300016,86.99230194,83.87180328,1.396399975,2.322000027,16.10569954,31.68540001,1.653399944,15
156,28.10930061,42.67430115,30.00200081,25.66679955,6.365699768,4.313000202,14.63669968,34.32429886,3.670700073,3
157,56.39599991,15.64929962,67.35569763,60.57780075,3.613699913,4.798299789,17.20829964,36.04290009,4.372000217,3
158,57.84370041,13.62300014,87.71700287,71.06220245,1.43840003,7.090000153,19.7696991,27.57959938,6.447899818,15
159,42.35499954,3.53730011,85.01799774,78.40440369,1.850000024,5.954699993,15.13099957,30.20639992,5.774700165,15
160,46.52799988,0,74.05599976,69.32180023,1.974699974,5.620999813,15.57929993,31.10580063,5.299300194,2
161,43.65029907,0,87.85030365,83.11190033,1.474900007,5.163700104,16.08230019,32.78590012,4.034399986,11
162,43.33399963,0.038699999,61.09629822,56.78779984,1.476799965,4.776000023,15.86299992,30.66799927,3.940999985,2
163,52.30170059,4.138299942,94.84700012,90.1608963,2.907900095,3.74729991,17.43869972,30.18230057,2.529799938,5
164,58.27199936,0.0447,114.4826965,101.5019989,1.189299941,6.336999893,17.96829987,23.41970062,5.629600048,5
165,58.86000061,5.960000038,105.5567017,88.86190033,1.134899974,6.978300095,17.94070053,22.80120087,6.022999763,5
166,47.94029999,0,146.6470032,142.6752014,1.68840003,5.232999802,17.01199913,24.83729935,4.62680006,7
167,29.14800072,0,316.8757019,314.6304016,16.49480057,2.644999981,14.11670017,33.22079849,2.24000001,7
168,28.61429977,0,305.1603088,304.1231079,13.20409966,2.863699913,13.9666996,33.19670105,2.681299925,7
169,15.56970024,0,233.7523041,244.1354065,14.24240017,-0.500699997,11.55070019,31.17889977,-0.792800009,15
170,29.54870033,0,304.274292,301.8887939,12.85680008,3.43569994,13.97570038,33.15200043,3.137900114,15
171,26.63899994,0,326.4552917,322.0046082,17.31599998,2.417999983,13.77470016,33.24219894,1.983899951,7
172,29.96100044,0,320.3942871,318.370697,17.59460068,2.421299934,13.52470016,32.80020142,2.066200018,15
173,32.99029922,0,118.3432999,124.5895996,6.468800068,4.543700218,15.68599987,34.50759888,3.498300076,15
174,28.87199974,0,312.5979919,309.8937988,15.48709965,2.404000044,14.16899967,33.25379944,2.074800014,7
175,11.87300014,0,100.2337036,106.530899,13.02560043,-1.426300049,9.792300224,28.99160004,-2.201299906,7
176,27.3246994,0,334.2786865,322.8786926,17.67630005,1.936699986,13.18500042,32.77959824,1.587900043,15
177,27.19199944,0,331.2297058,322.0231018,17.49329948,2.113300085,13.35669994,32.90309906,1.694399953,15
178,28.04500008,0,304.3666992,303.8295898,12.97270012,2.851700068,13.85200024,33.18920135,2.686300039,7
179,31.28829956,0,131.8213043,139.3699036,8.441300392,4.027999878,15.67669964,34.71969986,2.908799887,15
180,31.17070007,0.053300001,199.6150055,203.9839935,10.94729996,4.264699936,15.72700024,34.7928009,3.538300037,2
181,35.0707016,0,155.8372955,149.4367981,1.92809999,3.775300026,15.27770042,32.54380035,3.284699917,15
182,41.1067009,0,264.6166992,285.0766907,3.578799963,4.940700054,15.1072998,27.36389923,4.410900116,7
183,39.81230164,0,198.7117004,202.8424072,3.023699999,5.15170002,15.48099995,30.79929924,4.664000034,15
184,39.90169907,0,218.2277069,224.6080017,2.5546,4.566299915,15.96000004,27.65609932,3.871900082,15
185,41.24470139,0,150.9172974,148.0769043,2.376600027,4.52699995,17.00399971,30.39590073,3.658400059,5
186,20.51029968,0,131.925705,144.9794006,10.35630035,0.176300004,11.85299969,31.76379967,-0.142100006,15
187,23.34000015,0,131.5263062,144.5122986,9.775799751,0.421700001,12.05430031,32.08420181,0.140200004,7
188,20.06529999,0,138.8226929,158.4102936,10.31719971,0.156000003,11.65229988,31.62520027,-0.0528,7
189,22.98830032,0,140.651001,159.9938049,9.272999763,0.636300027,12.30900002,32.39709854,0.325100005,7
190,14.72529984,0,147.3070068,174.5780945,9.11439991,-1.367699981,10.08170033,29.97330093,-1.700700045,7
191,18.45000076,0,134.1246948,151.732193,9.317799568,-0.0977,10.81070042,31.23760033,-0.37529999,9
192,41.85469818,0,140.4519958,142.0307007,3.455899954,3.900700092,14.78369999,32.63629913,3.001199961,15
193,22.1970005,0,149.8307037,149.4595947,8.738300323,-1.146999955,10.51970005,27.88699913,-1.39470005,15
194,58.68199921,10.34130001,117.2910004,96.22769928,0.819100022,6.597300053,18.75900078,26.35160065,6.212100029,8
195,38.60129929,0,119.447998,121.4876022,2.481800079,4.05700016,14.47469997,32.21860123,3.578700066,2
196,74.15329742,2.623300076,95.09829712,113.6107025,1.775300026,7.339300156,17.42070007,23.67020035,5.65899992,15
197,74.15329742,2.623300076,95.09829712,113.6107025,1.775300026,7.339300156,17.42070007,23.67020035,5.65899992,15
198,70.95200348,6.84469986,123.5223007,133.4098053,2.515899897,7.481299877,16.15169907,25.00670052,6.312300205,7
199,70.98729706,6.769299984,125.0356979,135.1649017,2.663599968,7.583000183,16.14929962,24.9720993,6.395800114,7
200,77.83999634,0.71329999,123.6397018,134.029007,2.618799925,7.491300106,16.10300064,24.97979927,6.474400043,7
201,76.87999725,0,90.88269806,110.3354034,1.712000012,7.586699963,17.48600006,23.59860039,5.813000202,15
202,70.46900177,6.567699909,88.6072998,115.4779968,1.859099984,8.616000175,17.42230034,22.25270081,6.943799973,5
203,72.39800262,7.102000237,80.17630005,96.89199829,1.446099997,6.695300102,17.88570023,29.22960091,4.888000011,15
204,68.73130035,5.135300159,188.7590027,227.8211975,7.179100037,6.903299809,16.7840004,32.66559982,4.752799988,15
205,66.28730011,5.292300224,199.0917053,241.5482025,8.0145998,5.850699902,16.27169991,31.58180046,4.025100231,2
206,72.22669983,0,168.9033051,194.3928986,6.540400028,6.645699978,17.5352993,32.71860123,4.39989996,15
207,74.74169922,0,152.445694,165.9001007,4.798900127,4.138000011,15.75899982,31.24939919,2.439899921,7
208,73.58699799,0,150.7216949,167.7391052,4.846199989,3.342700005,15.95930004,30.92900085,1.466599941,11
209,75.98000336,0,107.0027008,136.0630951,2.025599957,6.622000217,17.21269989,27.14870071,4.864200115,15
210,68.26699829,6.359700203,114.2573013,135.6239929,2.711600065,7.497700214,16.2322998,25.19869995,6.679900169,15
211,68.13469696,6.705299854,104.2210007,129.2929993,2.490999937,7.208000183,17.00029945,24.58329964,5.865099907,15
212,76.00730133,0.152700007,132.7519989,141.8079987,3.615999937,7.482999802,15.46899986,24.54759979,6.727099895,15
213,74.10669708,0,111.2342987,134.2028046,2.614900112,7.322700024,16.5177002,24.94910049,6.196199894,15
214,75.00669861,0,115.5692978,136.2111053,2.743799925,7.410299778,16.23399925,25.0223999,6.480700016,15
215,73.94329834,0,103.6076965,129.1578979,2.495599985,7.160999775,17.15999985,24.21240044,5.734799862,15
216,68.40470123,6.935299873,101.4319992,126.8947983,2.331899881,7.223700047,17.28230095,23.79859924,5.770199776,4
217,70.43599701,0,157.5457001,177.9476013,6.948900223,4.027699947,15.95030022,31.65539932,2.090800047,15
218,63.16899872,0,207.1159973,230.9105988,8.190799713,1.482300043,15.07330036,30.31259918,0.207200006,7
219,58.51599884,0,204.5110016,226.9797058,8.067899704,1.916000009,16.17970085,30.57579994,0.528599977,15
220,61.45869827,0,173.1569977,232.0856934,8.625300407,4.527999878,15.90170002,30.59230042,3.344199896,15
221,61.19469833,0,209.7779999,265.3721924,10.57499981,4.671999931,15.22700024,27.63159943,3.693200111,2
222,62.51800156,0,225.3782959,286.387085,12.3991003,4.608699799,15.79269981,27.40209961,3.780999899,7
223,60.24029922,0,265.9902954,342.5520935,11.18669987,3.700000048,14.09399986,29.22839928,3.032799959,7
224,55.83499908,28.57570076,56.68230057,59.11429977,1.482300043,3.364700079,14.61330032,31.17959976,1.603600025,15
225,63.69469833,0.862999976,113.6886978,152.9669952,2.543200016,2.831700087,17.36370087,32.21979904,0.891099989,15
226,54.42969894,0,166.8372955,225.8197021,5.524799824,0.968299985,17.09300041,32.52460098,-0.784200013,15
227,63.69469833,0.862999976,113.6886978,152.9669952,2.543200016,2.831700087,17.36370087,32.21979904,0.891099989,15
228,61.33530045,3.094700098,133.5950012,178.9759979,2.525700092,3.351700068,16.85930061,31.92639923,1.701300025,8
229,65.71900177,0.232999995,197.4893036,277.5107117,5.360899925,4.504300117,14.48169994,30.47920036,3.403700113,7
230,66.6780014,0,105.0577011,140.5652008,2.440000057,3.062299967,17.71069908,32.60879898,1.003100038,15
231,71.82700348,0,85.896698,114.802002,2.994299889,5.438300133,17.72529984,33.63880157,3.622200012,15
232,54.57799911,0,168.9766998,226.7444,5.526199818,0.962300003,16.88330078,32.52840042,-0.76819998,15
233,54.37870026,0,167.5820007,226.2832947,5.530799866,0.98269999,16.97299957,32.50669861,-0.762000024,15
234,86.68270111,26.71730042,102.3237,123.5038986,4.219799995,7.974299908,20.40970039,30.47369957,7.005099773,8
235,86.68270111,26.71730042,102.3237,123.5038986,4.219799995,7.974299908,20.40970039,30.47369957,7.005099773,8
236,77.68569946,18.29870033,125.6740036,146.1053925,3.046299934,5.447999954,16.30830002,29.35479927,4.318399906,15
237,68.00869751,44.58800125,77.16999817,101.3930969,1.426200032,10.18770027,20.32369995,29.40859985,10.30080032,15
238,78.61699677,26.37299919,73.34030151,91.17220306,1.301900029,8.420000076,21.25530052,32.5196991,7.368800163,5
239,78.09069824,35.32929993,102.3233032,122.4716034,3.857599974,7.925300121,20.38929939,30.45590019,6.980400085,8
240,64.34529877,37.9980011,53.70529938,66.86039734,0.591199994,9.944000244,18.73530006,23.47979927,9.464900017,8
241,65.45870209,37.4679985,55.51869965,68.11779785,0.68690002,9.781999588,18.50729942,24.04190063,9.767000198,8
242,50.04230118,46.89300156,47.82600021,53.89030075,1.916599989,3.573999882,18.66900063,32.78630066,1.902400017,7
243,49.15869904,45.41799927,40.85599899,44.84909821,1.762799978,3.755300045,18.12100029,32.15930176,1.807199955,3
244,80.1013031,26.75530052,68.86530304,88.35720062,0.630699992,10.1243,20.80170059,31.25589943,9.703000069,11
245,74.76170349,4.09499979,124.1279984,171.3921967,3.360699892,7.506299973,16.63100052,20.20299911,6.532000065,8
246,76.65329742,0,101.4290009,177.4376984,3.412100077,7.762000084,17.15099907,21.77779961,6.636700153,2
247,85.01699829,0.037,100.8897018,105.2242966,3.200000048,5.1177001,17.14900017,33.49679947,2.800699949,15
248,77.94000244,0,143.4450073,160.1596069,4.255599976,4.038000107,16.35829926,33.65269852,2.199399948,15
249,60.7519989,0,146.9600067,184.9420929,4.789800167,0.762000024,13.63430023,28.79730034,-0.523599982,7
250,74.11699677,7.902999878,98.62830353,111.3917999,0.719600022,3.349299908,19.55800056,33.63639832,1.994300008,15
251,62.71969986,5.713300228,157.7653046,225.5460052,4.01429987,5.230000019,14.83300018,28.56240082,4.16260004,8
252,74.22669983,0,143.0106964,197.8379974,2.870800018,6.001999855,18.32699966,31.27219963,4.175300121,7
253,62.71969986,5.713300228,157.7653046,225.5460052,4.01429987,5.230000019,14.83300018,28.56240082,4.16260004,8
254,75.08129883,0,131.9057007,185.0935974,2.206799984,5.55700016,18.86730003,31.33040047,3.519999981,15
255,75.76270294,0,131.4102936,185.0594025,2.209300041,5.522999763,18.94400024,31.37360001,3.50880003,11
256,75.1269989,0,141.6166992,160.7207947,5.472000122,5.888299942,18.67169952,34.22919846,3.675100088,15
257,56.11600113,52.39730072,45.05799866,55.02209854,1.036200047,9.522000313,19.78730011,24.29599953,7.933400154,5
258,71.08969879,0,150.651001,162.9210052,4.536699772,4.866000175,16.62899971,31.50839996,2.863399982,15
259,69.29530334,7.578000069,139.6289978,150.1584015,3.895800114,6.43200016,17.67670059,32.98920059,3.928999901,15
260,77.37670135,0,140.1302948,150.4129944,3.941999912,6.261000156,17.59070015,32.85200119,3.795700073,7
261,80.30169678,29.27000046,69.65670013,77.2684021,4.938600063,5.68569994,20.32970047,34.20299911,4.257900238,5
262,76.08799744,17.40670013,84.0542984,89.62239838,9.317700386,3.146300077,17.79870033,31.86129951,2.064100027,15
263,72.10900116,37.91770172,59.39970016,83.47000122,2.288899899,8.452699661,19.32099915,31.55319977,7.445099831,15
264,51.23529816,54.90800095,49.91070175,66.88760376,1.188799977,6.805699825,20.90730095,34.58229828,5.495299816,8
265,60.74629974,49.16030121,48.8553009,65.61460114,1.941799998,7.368299961,21.26869965,33.05189896,5.91079998,8
266,72.76399994,36.55599976,59.30130005,83.54199982,2.266400099,8.410300255,19.38100052,31.6529007,7.41779995,15
267,58.4679985,50.5387001,53.45600128,76.82279968,2.236999989,7.910999775,19.67000008,32.1189003,6.927999973,15
268,67.27400208,13.46100044,67.78330231,74.54669952,11.90540028,1.612699986,15.3427,30.2140007,0.542599976,8
269,78.10669708,0,96.2983017,109.9992981,2.67779994,7.209700108,18.55929947,33.26720047,4.555699825,15
270,96.73130035,16.66530037,108.0982971,129.3361969,2.73300004,7.471000195,19.63170052,31.2154007,6.672999859,8
271,87.60430145,24.23570061,167.0046997,189.2433014,3.883399963,6.809700012,18.86129951,31.92239952,6.002299786,5
272,79.28630066,28.2303009,71.12329865,88.61630249,1.373399973,8.134699821,21.36770058,31.36680031,6.483300209,5
273,55.1432991,9.708299637,134.3919983,123.771698,13.70110035,0.644699991,12.92070007,27.42889977,-1.104400039,2
274,82.16269684,0.824999988,133.1112976,124.4718018,10.47060013,1.955000043,14.58769989,28.8572998,0.656400025,7
275,55.17300034,50.69029999,56.49330139,71.06220245,1.43840003,7.927000046,20.39970016,27.57959938,6.447899818,15
276,66.83329773,38.1733017,55.66930008,64.62660217,1.342800021,7.985300064,20.38400078,26.80719948,5.992099762,8
277,64.21730042,18.67230034,107.6977005,102.5917969,8.215600014,1.614300013,16.59300041,30.22599983,0.864000022,15
278,57.02730179,18.55270004,59.54600143,72.49500275,1.961599946,7.215000153,16.60899925,30.14570045,5.618100166,15
279,79.70069885,0.789300025,87.7990036,92.11840057,2.09980011,6.524300098,18.88730049,33.91999817,3.991899967,2
280,61.19929886,17.02729988,32.23099899,56.78779984,1.476799965,5.974299908,18.14800072,30.66799927,3.940999985,2
281,87.74299622,1.143700004,85.14600372,118.4341965,0.99089998,6.894299984,17.61969948,19.0401001,5.778699875,5
282,75.4437027,0.583000004,140.7032928,183.8016052,2.567699909,5.808300018,17.45870018,28.57119942,4.954599857,7
283,71.01499939,30.12170029,91.47730255,99.40309906,1.081200004,7.468299866,18.9423008,23.55520058,6.002699852,15
284,77.69999695,0,106.9753036,139.1042938,1.769000053,5.465300083,18.50370026,28.67410088,4.763899803,15
285,69.82900238,6.381700039,89.61129761,117.584198,1.065400004,5.757699966,14.70600033,29.36420059,4.830599785,15
286,73.59799957,4.735300064,99.09870148,111.0551987,1.944399953,5.614299774,16.89830017,25.41699982,4.800899982,2
287,83.4253006,0.0013,123.4629974,153.0879974,1.906599998,5.861700058,18.58329964,25.2560997,4.704100132,7
288,78.02330017,0,175.9936981,225.0877991,4.65719986,5.744299889,17.3003006,24.71019936,4.942699909,7
289,81.57330322,0,144.1557007,193.1999054,2.379300117,5.847000122,18.67230034,24.29800034,4.281000137,7
290,82.97000122,0,113.2232971,148.2079926,2.284300089,6.703299999,18.1977005,22.59989929,5.210000038,5
291,81.73870087,0.614700019,118.3877029,142.6752014,1.68840003,5.886300087,18.46299934,24.83729935,4.62680006,7
292,65.47270203,0,279.3746948,304.1231079,13.20409966,5.039700031,17.49270058,33.19670105,2.681299925,7
293,44.62170029,0,140.0142975,163.5867004,6.731800079,0.646300018,14.31729984,30.69400024,-1.187000036,15
294,65.20570374,0,280.2406921,314.6304016,16.49480057,4.44630003,17.33130074,33.22079849,2.24000001,7
295,57.90200043,4.420000076,197.4777069,234.386795,12.58360004,3.441699982,16.91469955,33.85580063,1.376899958,15
296,54.26900101,0.112300001,300.9249878,294.579895,14.64260006,3.46269989,15.89669991,32.3205986,1.741799951,7
297,65.76499939,0,274.8576965,309.8937988,15.48709965,4.462999821,17.36930084,33.25379944,2.074800014,7
298,66.31500244,0.270999998,101.4560013,130.741806,8.002599716,5.59100008,18.37529945,34.35359955,2.863899946,11
299,67.27999878,0,150.0592957,187.1136017,9.775099754,6.231299877,18.95630074,35.51340103,3.489900112,15
300,66.57630157,0.344000012,115.0626984,146.819397,9.201399803,5.828700066,18.45369911,34.70940018,3.035599947,15
301,59.61470032,0.634000003,301.3522949,289.8599854,14.3107996,3.997999907,16.33399963,32.36209869,2.194099903,15
302,60.27130127,0,230.1929932,275.3642883,9.10490036,2.161999941,16.26029968,31.29319954,0.271800011,7
303,57.67900085,0,238.9817047,274.7125854,10.5642004,0.864700019,15.31569958,30.39679909,-0.77640003,7
304,43.68030167,0,49.12329865,84.23280334,13.5685997,0.077,14.88199997,31.17939949,-1.941300035,8
305,78.05000305,0,90.32900238,130.2881927,1.449699998,6.740300179,19.47500038,34.20819855,3.760999918,15
306,72.56529999,1.724699974,122.3823013,169.4362946,2.632200003,5.801300049,18.56469917,27.73200035,4.019999981,15
307,76.15070343,0.532700002,116.3546982,163.2375946,2.360199928,5.415699959,18.9633007,29.89830017,3.556400061,15
308,74.74669647,0,145.001297,202.8424072,3.023699999,6.104300022,17.77000046,30.79929924,4.664000034,15
309,70.59130096,4.224699974,66.43900299,73.44309998,0.995999992,4.925000191,17.36669922,32.32389832,3.449700117,15
310,40.63600159,0,132.995697,172.9179993,8.997300148,-0.275000006,13.3057003,30.2329998,-1.779399991,7
311,57.74900055,0,119.9966965,166.3883972,9.553299904,2.321000099,17.01099968,33.08789825,0.798600018,15
312,48.24029922,0,125.2326965,167.8237,9.262200356,0.43900001,14.67399979,31.3003006,-1.104099989,7
313,43.57369995,0,147.5083008,181.8795929,10.78339958,0.244299993,13.32470036,30.10140038,-1.363100052,7
314,58.45729828,0,120.2009964,166.5153961,9.547100067,2.321000099,17.01099968,33.08789825,0.799300015,15
315,54.74000168,0,108.2310028,145.0227051,9.774900436,1.396000028,15.4307003,31.91419983,0.058899999,7
316,45.9469986,0.724699974,127.0526962,168.7149963,9.356800079,0.384000003,14.60900021,31.28630066,-1.179399967,7
317,48.24029922,0,125.2326965,167.8237,9.262200356,0.43900001,14.67399979,31.3003006,-1.104099989,7
318,51.39530182,0,114.8519974,156.4638062,10.21920013,1.255699992,15.70499992,31.91830063,0.0083,15
319,39.97399902,0,136.945694,176.4532013,9.666899681,0.297300011,12.24470043,29.11540031,-0.967000008,7
320,41.05369949,0,230.6159973,327.8146057,12.63000011,-0.074699998,11.21700001,27.31270027,-0.544799984,7
321,46.67070007,0,127.0463028,168.717804,9.356699944,0.382999986,14.61069965,31.28630066,-1.179800034,7
322,55.54169846,0,106.6802979,144.8352966,10.26819992,1.717700005,15.85569954,32.19020081,0.394300014,15
323,73.86329651,0,145.5249939,157.5413055,3.733700037,3.256999969,15.97430038,32.14789963,1.471300006,15
324,52.22129822,0,170.5462952,186.4156036,5.989900112,0.617999971,12.76729965,29.1595993,-0.842800021,7
325,69.22699738,35.45629883,80.71630096,96.22769928,0.819100022,7.196000099,19.77470016,26.35160065,6.212100029,8
326,74.21829987,30.33169937,63.54470062,79.61789703,0.638700008,7.422999859,20.47470093,27.52529907,6.332699776,5
327,68.96230316,3.361999989,83.6989975,121.4876022,2.481800079,5.051300049,17.27029991,32.21860123,3.578700066,2
328,68.94670105,0,213.7967072,253.5019073,7.746200085,2.835999966,16.24469948,31.36459923,1.034199953,15
329,64.03630066,0,253.1506958,285.5087891,8.221099854,2.7026999,15.52429962,30.96969986,1.212000012,7
330,81.97200012,29.04129982,46.58300018,104.6288986,1.857800007,6.837999821,19.26199913,27.81489944,3.994699955,15
331,78.27100372,32.59230042,45.61399841,103.7180023,1.85010004,7.409699917,19.08499908,27.17210007,5.095600128,15
332,78.28829956,32.38499832,45.82630157,104.0121994,1.832900047,7.248300076,19.41699982,27.47439957,4.848100185,15
333,68.44270325,43.1772995,46.04399872,135.1649017,2.663599968,8.222999573,18.12599945,24.9720993,6.395800114,7
334,63.1432991,49.26330185,38.31729889,115.4779968,1.859099984,9.403699875,18.75469971,22.25270081,6.943799973,5
335,114.9800034,0,82.4457016,164.4208984,4.934999943,6.0072999,19.24329948,31.89100075,2.99090004,2
336,78.93399811,33.77600098,103.4337006,241.5482025,8.0145998,7.432700157,19.19470024,31.58180046,4.025100231,2
337,75.28669739,43.49330139,58.12469864,117.9567032,2.770100117,7.430300236,20.72170067,33.2364006,3.947799921,15
338,109.5466995,0.443300009,45.59799957,129.1578979,2.495599985,8.066699982,18.98929977,24.21240044,5.734799862,15
339,99.68900299,11.16769981,46.83570099,132.2859955,2.513299942,8.053700447,18.85029984,24.98159981,5.986800194,15
340,110.4929962,0.753700018,44.90829849,127.3660965,2.367300034,8.262700081,18.94400024,24.05170059,5.837200165,15
341,99.6446991,9.618700027,50.28170013,141.8079987,3.615999937,7.620699883,17.44930077,24.54759979,6.727099895,15
342,86.75630188,23.62030029,46.04100037,130.313797,2.539999962,7.995699883,19.1243,24.78079987,5.600800037,15
343,99.63629913,0,109.4179993,277.7905884,10.02400017,5.289299965,17.78800011,27.8416996,3.453299999,7
344,99.08930206,0,103.0246964,246.9261017,7.839600086,4.999000072,18.83329964,29.50419998,3.349600077,7
345,110.7777023,0,62.53269958,207.2200928,2.608200073,4.920000076,20.50099945,31.81110001,1.549900055,15
346,68.81469727,41.55199814,51.6106987,175.8258972,2.651299953,6.096300125,19.67830086,31.85899925,3.378000021,15
347,93.4960022,0,83.2539978,226.2832947,5.530799866,2.035700083,19.92169952,32.50669861,-0.762000024,15
348,112.0733032,0,61.62030029,196.6950073,2.637399912,6.703299999,20.62330055,29.1128006,3.842200041,2
349,65.21730042,71.04270172,42.90800095,123.5038986,4.219799995,9.288299561,22.25469971,30.47369957,7.005099773,8
350,46.53300095,91.88700104,39.99670029,127.302803,5.035399914,7.365300179,22.20429993,33.13589859,4.239600182,15
351,83.06900024,41.93099976,56.82130051,127.865799,3.941099882,5.705999851,20.51869965,33.41579819,2.013999939,15
352,95.62870026,14.28129959,65.95870209,239.3652039,4.363599777,7.615699768,19.46069908,27.06380081,5.531899929,5
353,70.97370148,40.02970123,37.84170151,124.7631989,2.284699917,9.378700256,17.5387001,20.33769989,7.211200237,5
354,107.033699,4.893000126,50.63629913,174.1320953,3.262599945,7.643300056,19.11429977,23.1128006,5.453299999,2
355,106.8877029,5.692299843,51.67570114,177.4376984,3.412100077,8.406700134,18.13629913,21.77779961,6.636700153,2
356,102.7030029,14.25370026,65.16329956,157.1302948,4.175600052,5.981699944,20.62829971,33.65269852,2.16170001,15
357,100.5486984,0,73.72229767,184.9420929,4.789800167,2.516000032,15.96930027,28.79730034,-0.523599982,7
358,88.03569794,0,74.08000183,171.0158997,6.250199795,2.243299961,15.9442997,28.29630089,-1.605599999,15
359,90.16899872,17.59770012,59.66400146,136.087204,3.653300047,6.260300159,19.25329971,31.93989944,2.487099886,8
360,84.15270233,17.36300087,73.59329987,186.0160065,4.634799957,2.644000053,15.88500023,28.55520058,-0.377400011,7
361,51.96969986,20.03230095,73.1780014,176.2332001,5.671800137,1.154000044,14.86600018,26.76799965,-2.079400063,5
362,101.7606964,9.968999863,68.9417038,164.3504028,3.806299925,4.794700146,18.43630028,31.2845993,1.147199988,15
363,110.4633026,0,70.99230194,188.4188995,4.007199764,6.390999794,20.08429909,28.84210014,3.912800074,2
364,67.08570099,52.22430038,45.74069977,115.8779984,0.727599978,4.370299816,22.83169937,33.50260162,1.377300024,15
365,105.571701,4.684999943,76.72429657,162.9210052,4.536699772,6.554299831,19.31999969,31.50839996,2.863399982,15
366,59.15930176,79.86730194,27.87870026,77.2684021,4.938600063,7.211699963,23.05330086,34.20299911,4.257900238,5
367,36.96870041,99.55130005,22.96529961,83.47000122,2.288899899,8.879699707,22.24530029,31.55319977,7.445099831,15
368,76.40399933,31.39170074,42.79970169,98.81359863,12.5291996,2.400300026,18.16900063,29.37619972,-0.590600014,15
369,119.6350021,0.811699986,44.4477005,109.9992981,2.67779994,8.679699898,21.74699974,33.26720047,4.555699825,15
370,81.50469971,10.95569992,43.64030075,133.0688019,10.89120007,0.844299972,16.44129944,26.70639992,-2.807399988,15
371,9.782999992,133.1936951,7.586999893,29.31719971,3.859999895,6.034999847,23.49099922,35.31819916,0.442000002,5
372,51.54570007,86.95770264,25.87330055,88.61630249,1.373399973,9.595700264,23.80830002,31.36680031,6.483300209,5
373,57.87870026,42.8030014,53.70970154,123.771698,13.70110035,2.306699991,15.64630032,27.42889977,-1.104400039,2
374,107.7527008,7.140999794,58.18930054,124.4718018,10.47060013,3.569999933,17.28269958,28.8572998,0.656400025,7
375,75.52400208,54.04270172,27.23970032,97.27580261,0.99059999,8.516699791,19.95170021,23.26009941,6.085199833,15
376,42.30599976,84.40070343,30.9829998,99.40309906,1.081200004,8.152299881,19.51000023,23.55520058,6.002699852,15
377,64.20700073,44.60630035,40.96429825,117.584198,1.065400004,7.023300171,17.44930077,29.36420059,4.830599785,15
378,74.01200104,34.17470169,50.88800049,111.0551987,1.944399953,6.472300053,17.43700027,25.41699982,4.800899982,2
379,102.8487015,14.17800045,65.70600128,193.1999054,2.379300117,6.710299969,20.41500092,24.29800034,4.281000137,7
380,109.7247009,7.055300236,71.10230255,207.4042053,2.524600029,6.326300144,20.19099998,25.22520065,4.559700012,7
381,105.8280029,11.76200008,77.28500366,222.4597015,2.659600019,6.243299961,19.97170067,26.21229935,5.085199833,7
382,100.8590012,17.69099998,55.73630142,160.8697052,1.915799975,6.185299873,21.68869972,25.94389915,4.561999798,7
383,97.9509964,21.12229919,49.60570145,142.6752014,1.68840003,6.540999889,21.20730019,24.83729935,4.62680006,7
384,89.88629913,20.53370094,31.64870071,116.0981979,2.491100073,5.443699837,21.84900093,33.98759842,1.857599974,15
385,101.3146973,8.538700104,71.64099884,187.281601,10.21780014,7.991300106,21.99069977,34.92959976,3.44569993,15
386,102.375,2.105000019,114.0699997,289.3096924,13.7361002,6.737299919,20.55500031,34.22700119,2.229799986,15
387,101.7006989,0,153.9322968,322.0231018,17.49329948,5.613999844,19.75499916,32.90309906,1.694399953,15
388,100.4037018,5.502999783,140.8542938,314.6304016,16.49480057,6.574999809,20.06469917,33.22079849,2.24000001,7
389,101.7123032,5.111000061,135.3513031,309.8937988,15.48709965,6.625,20.13299942,33.25379944,2.074800014,7
390,99.77899933,6.801000118,132.5296936,306.033905,13.58329964,7.137000084,20.02599907,33.18980026,2.567199945,15
391,86.32330322,0.077699997,33.76129913,85.12670135,14.91499996,1.985299945,17.19669914,30.50429916,-2.523000002,15
392,74.46029663,0,37.87730026,105.7711029,11.57120037,2.019299984,18.01869965,30.95339966,-2.023200035,7
393,69.86399841,44.78269958,57.76100159,199.1195984,2.860199928,6.961999893,21.11770058,30.77039909,4.480000019,15
394,89.36199951,1.083699942,115.9417038,242.6851044,19.91209984,2.371000051,18.99500084,32.5306015,-1.024000049,8
395,85.49130249,8.869000435,61.98630142,159.6116943,9.361300468,2.687999964,19.04000092,32.2989006,0.358999997,15
396,66.51999664,44.58000183,34.19670105,121.4876022,2.481800079,6.299699783,20.43000031,32.21860123,3.578700066,2
397,72.96269989,33.62730026,32.52099991,118.4213028,2.480900049,5.864299774,21.30529976,32.92539978,2.419399977,15
398,33.97900009,135.254303,16.04770088,60.07279968,0.875199974,11.4119997,27.8003006,33.21609879,4.02120018,11
399,45.91630173,97.53369904,26.84830093,142.0139008,3.463200092,9.026000023,19.63629913,24.48940086,6.798600197,15
400,60.76100159,83.67900085,26.75830078,141.8079987,3.615999937,8.808300018,19.64430046,24.54759979,6.727099895,15
401,96.00969696,44.6969986,74.02929688,229.1242065,8.18710041,6.683300018,21.8743,30.0345993,0.146899998,7
402,88.4292984,69.81069946,61.58769989,231.9197998,7.421299934,9.055299759,22.71299934,30.96590042,2.546000004,5
403,86.26069641,69.08270264,62.20700073,226.8907928,7.381800175,9.339300156,22.89529991,31.03300095,2.718600035,8
404,79.75869751,68.56800079,74.25930023,229.3123932,8.119799614,6.701300144,21.97170067,30.07329941,0.1998,15
405,134.8040009,4.196000099,52.38629913,283.7290955,9.359000206,7.74669981,21.77370071,28.20459938,3.639400005,9
406,133.3233032,0,65.08930206,265.3721924,10.57499981,7.554699898,21.35000038,27.63159943,3.693200111,2
407,43.91870117,110.501297,30.34530067,152.9669952,2.543200016,7.000699997,24.86129951,32.21979904,0.891099989,15
408,29.55170059,116.5916977,22.21500015,165.0158997,3.33859992,8.567299843,21.50429916,28.08200073,2.128299952,7
409,108.0236969,58.23970032,37.32899857,162.7731934,5.076099873,9.137700081,23.55999947,31.69280052,1.683300018,15
410,62.86800003,100.7886963,36.13230133,169.9685974,5.470699787,8.681300163,22.98670006,31.01399994,1.425699949,15
411,79.76069641,84.37930298,35.25429916,169.7167969,5.542900085,8.59070015,23.04070091,31.01309967,1.352300048,15
412,46.50130081,99.13529968,23.70730019,132.7904053,2.486599922,10.21630001,17.15600014,18.76530075,7.235300064,8
413,22.07729912,137.3126984,15.22500038,111.3917999,0.719600022,6.367000103,27.51230049,33.63639832,1.994300008,15
414,96.12799835,59.23199844,55.45800018,210.9181061,6.596199989,9.475999832,24.35169983,32.82080078,2.692199945,15
415,22.37299919,147.3937073,20.12929916,91.81590271,2.002000093,11.09570026,26.8383007,33.30080032,4.22840023,2
416,142.7653046,5.134699821,80.35030365,281.1748962,8.81760025,7.111999989,19.86370087,27.45999908,0.891600013,7
417,152.3383026,2.108299971,67.69429779,263.4049988,7.675199986,7.947999954,21.98999977,29.54400063,1.085600019,7
418,80.95570374,75.10769653,42.77000046,162.9210052,4.536699772,9.699700356,23.94070053,31.50839996,2.863399982,15
419,159.7733002,0.716700017,51.88899994,206.4351959,6.558300018,9.130999565,23.51329994,31.14999962,2.005700111,2
420,23.5503006,144.3363037,11.81229973,77.2684021,4.938600063,9.94699955,26.92930031,34.20299911,4.257900238,5
421,8.822699547,150.4006958,7.84469986,83.47000122,2.288899899,11.5,24.84799957,31.55319977,7.445099831,15
422,126.1333008,44.16669846,24.99869919,109.9992981,2.67779994,11.38969994,26.74200058,33.26720047,4.555699825,15
423,57.00099945,91.18569946,19.15469933,116.2417984,12.01809978,7.342299938,22.57929993,29.26230049,1.76820004,15
424,61.04069901,94.16269684,10.72799969,101.5019989,1.189299941,9.051699638,21.07500076,23.41970062,5.629600048,5
425,11.62530041,140.878006,10.18470001,99.40309906,1.081200004,9.521300316,20.52969933,23.55520058,6.002699852,15
426,96.17700195,53.48300171,31.40399933,225.0877991,4.65719986,8.249699593,20.88470078,24.71019936,4.942699909,7
427,46.06370163,100.0230026,40.14369965,281.1257935,3.559700012,9.35229969,20.3946991,26.05999947,5.904799938,15
428,81.21230316,73.54429626,16.41930008,118.2521973,1.057700038,8.906299591,21.39229965,23.01810074,4.72329998,9
429,85.4240036,69.45929718,23.22870064,175.5962982,2.341200113,8.599699974,21.27669907,22.91790009,4.582900047,5
430,132.0016937,22.55500031,23.29500008,177.3641968,2.316299915,8.687700272,21.48430061,23.26059914,4.687399864,7
431,100.6900024,33.58670044,38.97600174,184.2552032,11.7251997,5.574999809,23.60199928,31.1711998,-0.235100001,7
432,155.8946991,2.211999893,34.79399872,202.8424072,3.023699999,8.862000465,24.85230064,30.79929924,4.664000034,15
433,101.5567017,55.09000015,38.65470123,224.6080017,2.5546,7.900700092,23.4109993,27.65609932,3.871900082,15
434,60.32730103,79.11930084,42.49599838,166.5153961,9.547100067,6.341700077,25.13599968,33.08789825,0.799300015,15
435,53.11429977,111.9656982,31.88430023,124.7208023,6.642199993,10.7876997,25.28630066,33.22060013,2.56520009,15
436,87.13569641,71.70429993,39.92129898,157.5413055,3.733700037,8.119700432,24.22100067,32.14789963,1.471300006,15
437,104.103302,44.22330093,48.56930161,186.2084045,6.008900166,6.37869978,22.67569923,30.49200058,-0.446399987,7
438,121.8399963,28.78000069,49.11729813,187.4432068,5.605100155,6.993000031,21.3416996,29.57509995,0.130099997,7
439,33.7179985,125.512001,25.56870079,121.4876022,2.481800079,9.704000473,25.43099976,32.21860123,3.578700066,2
440,3.769999981,157.3733063,3.769999981,115.4779968,1.859099984,12.35770035,21.95330048,22.25270081,6.943799973,5
441,7.874000072,159.9692993,3.31069994,89.84429932,1.496000051,12.94830036,23.9612999,24.71159935,6.088699818,5
442,8.70870018,150.544693,7.238999844,141.8079987,3.615999937,11.02869987,22.72730064,24.54759979,6.727099895,15
443,27.76269913,134.9172974,5.03030014,129.1578979,2.495599985,11.46430016,23.40530014,24.21240044,5.734799862,15
444,103.6849976,51.37829971,52.88399887,387.300415,25.10289955,9.659999847,24.85269928,26.56509972,3.176000118,7
445,110.0896988,33.46369934,56.51330185,423.4130859,27.28300095,8.994299889,23.40629959,26.04590034,1.587700009,7
446,104.0746994,47.93529892,53.20470047,389.4952087,25.27099991,9.404999733,23.85129929,25.41040039,2.732199907,7
447,140.3439941,10.64929962,27.01499939,282.8577881,16.44630051,9.684300423,28.03700066,31.53070068,0.441900015,7
448,120.8656998,28.56430054,23.34630013,231.3430023,12.46210003,10.61499977,28.87330055,31.96089935,2.62680006,7
449,109.9850006,71.79499817,15.39999962,206.4351959,6.558300018,12.86369991,28.35129929,31.14999962,2.005700111,2
450,85.49230194,88.7677002,6.704999924,202.8424072,3.023699999,10.75430012,28.89100075,30.79929924,4.664000034,15
451,28.46999931,118.7667007,19.42099953,250.9992065,11.45580006,9.217000008,28.2696991,31.68829918,1.869099975,7
452,5.662000179,171.6647034,5.662000179,121.4876022,2.481800079,12.70400047,29.96199989,32.21860123,3.578700066,2
453,0.47299999,174.8336945,0.47299999,134.2028046,2.614900112,12.09899998,25.25429916,24.94910049,6.196199894,15
454,32.97330093,47.47000122,34.80730057,126.8947983,2.331899881,10.60169983,22.1760006,23.79859924,5.770199776,4
455,41.06669998,17.65670013,56.07400131,192.4783936,14.13969994,8.086000443,18.30870056,18.91690063,4.911200047,5
456,24.00300026,68.42369843,26.57069969,101.5019989,1.189299941,9.875699997,22.9666996,23.41970062,5.629600048,5
457,36.11830139,4.752299786,110.4822998,164.4208984,4.934999943,5.386300087,16.24430084,31.89100075,2.99090004,2
458,33.58769989,7.562300205,80.29070282,125.2229004,1.819599986,6.401299953,17.64430046,28.14299965,4.255700111,15
459,33.44430161,4.819699764,107.8536987,150.7142944,3.812799931,5.143700123,16.31599998,31.70079994,2.727699995,15
460,32.08369827,4.223999977,107.001297,149.3809967,3.942199945,6.111299992,16.70800018,32.8647995,3.763799906,15
461,34.68600082,4.109300137,109.7062988,163.7203979,4.347599983,4.443699837,17.19370079,32.32910156,2.338700056,5
462,35.17470169,1.950999975,158.3170013,229.0258026,8.153300285,2.533299923,15.38570023,30.49440002,0.501699984,7
463,34.86029816,2.044300079,157.5856934,227.5984039,8.035400391,2.404299974,14.89869976,29.90189934,0.252600014,7
464,32.96030045,1.590299964,157.7857056,227.9777985,8.101799965,2.431299925,15.6097002,30.46879959,0.477699995,15
465,33.4620018,4.563000202,95.9980011,138.7550049,3.501699924,5.850299835,17.07929993,32.56380081,3.66869998,15
466,28.50029945,0.082000002,168.0370026,232.0856934,8.625300407,4.975999832,14.88269997,30.59230042,3.344199896,15
467,25.08429909,1.106699944,166.6116943,226.2832947,5.530799866,0.675300002,15.78969955,32.50669861,-0.762000024,15
468,26.76869965,2.156300068,142.254303,198.0628967,4.970099926,2.160000086,15.71170044,31.36070061,0.565100014,5
469,24.83499908,1.062000036,167.949295,227.894104,5.528600216,0.628300011,15.87100029,32.35710144,-0.861999989,15
470,30.91329956,5.653299809,104.8432999,175.8258972,2.651299953,5.357299805,16.61330032,31.85899925,3.378000021,15
471,31.9272995,2.370699883,183.5007019,274.2572937,5.176400185,5.73570013,14.06070042,29.90340042,3.206099987,7
472,40.09270096,29.91729927,59.32030106,146.0072021,3.446899891,7.750299931,19.14599991,28.19009972,5.002399921,8
473,36.9253006,26.51129913,55.72100067,138.9519958,3.569700003,9.068300247,21.22529984,30.24440002,6.46089983,8
474,41.05530167,39.51800156,50.7663002,134.6580963,2.729899883,9.22369957,20.84329987,30.75009918,6.574699879,8
475,40.21870041,35.78469849,54.69869995,148.1589966,2.906199932,7.650300026,19.36100006,29.99729919,4.995699883,8
476,34.27000046,14.34630013,69.07099915,126.2711029,3.481300116,4.297299862,17.78569984,34.81269836,1.819800019,15
477,26.56270027,1.435700059,140.0856934,199.4468994,5.015900135,1.950000048,15.36999989,32.38800049,0.487399995,5
478,27.98600006,0.934300005,170.5413055,239.0184021,5.666600227,1.924299955,15.57800007,27.62269974,0.708800018,7
479,31.25799942,12.0539999,59.79370117,107.7640991,0.622699976,2.586699963,20.14299965,33.0182991,1.239099979,15
480,35.56969833,2.592999935,173.5420074,225.5460052,4.01429987,6.376999855,15.04430008,28.56240082,4.16260004,8
481,32.13270187,5.562300205,111.2750015,185.0935974,2.206799984,5.420700073,18.25130081,31.33040047,3.519999981,15
482,31.89870071,6.864699841,85.19300079,132.9203949,2.301399946,6.203299999,18.48830032,28.61269951,4.261300087,5
483,32.61600113,5.784699917,110.9057007,185.0594025,2.209300041,5.379300117,18.35070038,31.37360001,3.50880003,11
484,27.54630089,45.92029953,26.51370049,55.02209854,1.036200047,10.25,21.4836998,24.29599953,7.933400154,5
485,33.59069824,4.846300125,107.3190002,150.0621033,3.977900028,6.015699863,16.61030006,32.66870117,3.6329,15
486,36.37400055,2.319700003,150.5619965,206.4351959,6.558300018,4.272299767,15.93369961,31.14999962,2.005700111,2
487,34.49869919,3.585700035,118.7200012,157.2958069,4.297599792,5.208000183,17.05529976,31.78720093,2.915400028,15
488,32.21269989,39.59899902,36.11470032,80.82740021,4.860000134,6.537000179,21.3390007,34.2112999,4.43599987,5
489,27.51729965,47.81600189,27.77230072,83.47000122,2.288899899,9.793700218,21.52569962,31.55319977,7.445099831,15
490,27.33370018,47.21630096,27.62630081,83.54199982,2.266400099,9.734999657,21.60070038,31.6529007,7.41779995,15
491,32.09270096,7.407299995,70.56729889,109.9992981,2.67779994,6.695700169,17.59370041,33.26720047,4.555699825,15
492,35.89899826,8.84869957,92.09629822,136.4568939,2.484200001,5.242000103,17.23530006,26.53190041,3.064699888,15
493,14.28369999,11.55900002,44.83169937,102.9219971,12.92099953,-3.542000055,12.15569973,26.42040062,-6.031899929,5
494,35.28099823,18.26230049,53.36199951,118.4341965,0.99089998,7.327300072,19.22030067,19.0401001,5.778699875,5
495,34.87269974,22.60070038,46.10430145,101.5019989,1.189299941,7.431000233,20.63899994,23.41970062,5.629600048,5
496,32.95029831,33.68299866,38.97129822,99.40309906,1.081200004,7.818999767,20.92469978,23.55520058,6.002699852,15
497,37.8266983,6.320300102,136.3332977,230.4049988,2.443399906,4.397699833,19.76000023,27.9144001,3.25909996,15
498,38.94929886,7.050300121,129.0142975,214.0001068,2.479899883,5.06069994,19.17569923,26.48390007,3.82220006,7
499,30.21199989,0.224999994,209.9873047,309.8937988,15.48709965,4.741700172,15.82929993,33.25379944,2.074800014,7
500,20.70929909,0.31400001,197.9542999,272.6513062,10.94760036,0.200299993,13.66069984,30.34189987,-1.348799944,7
501,33.60969925,4.952700138,110.8006973,169.4362946,2.632200003,5.750299931,18.55369949,27.73200035,4.019999981,15
502,38.0870018,2.663700104,178.7117004,285.0766907,3.578799963,6.282299995,17.21430016,27.36389923,4.410900116,7
503,38.29669952,13.34770012,77.27030182,124.7208023,6.642199993,5.331299782,17.67630005,33.22060013,2.56520009,15
504,39.87170029,16.9640007,76.27429962,124.0422974,6.411200047,5.307300091,17.40299988,32.95920181,2.494899988,8
505,35.4280014,6.116700172,98.19400024,157.5413055,3.733700037,3.538000107,16.62299919,32.14789963,1.471300006,15
506,32.65370178,36.31629944,38.54529953,96.22769928,0.819100022,7.925000191,21.38170052,26.35160065,6.212100029,8
507,30.58670044,36.0367012,34.68299866,81.10800171,0.780099988,8.670700073,21.39369965,23.27140045,6.881400108,5
508,25.80470085,6.199999809,70.8042984,118.4213028,2.480900049,4.44329977,17.71870041,32.92539978,2.419399977,15
509,30.04770088,7.901299953,74.84629822,121.4876022,2.481800079,5.705999851,16.66769981,32.21860123,3.578700066,2
510,29.0387001,1.128000021,129.9850006,132.7140961,2.72480011,6.284699917,13.01930046,24.02400017,6.532899857,4
511,27.79929924,0,155.2292938,159.2225952,4.638700008,2.960999966,12.70199966,31.94669914,3.395800114,15
512,18.67300034,0,350.1947021,330.6362,10.01179981,2.416699886,10.64299965,28.69610023,2.164200068,7
513,23.90870094,1.01730001,87.70030212,92.56759644,2.1322999,3.382699966,12.65530014,33.90370178,4.013800144,15
514,11.79469967,0,215.6842957,228.6819,7.119900227,-0.735300004,8.928999901,27.65279961,-0.272700012,7
515,17.99500084,0.806999981,112.0400009,116.0981979,2.491100073,1.329300046,13.20569992,33.98759842,1.857599974,15
516,27.74900055,0.874300003,136.4857025,137.1304016,2.814899921,6.327000141,12.38969994,25.55890083,6.698400021,2
517,27.0862999,0.8653,123.8290024,128.3421021,2.406899929,5.481699944,13.25930023,23.96960068,5.676000118,15
518,27.6432991,0.957300007,122.1512985,126.8947983,2.331899881,5.616300106,13.41170025,23.79859924,5.770199776,4
519,26.59630013,0.75029999,126.6372986,130.313797,2.539999962,5.403999805,13.02799988,24.78079987,5.600800037,15
520,27.57029915,0.91930002,122.8712997,127.3660965,2.367300034,5.676700115,13.34029961,24.05170059,5.837200165,15
521,26.97599983,0.80400002,130.0153046,133.1587067,2.571399927,5.789999962,12.72630024,25.14319992,6.072100163,9
522,23.65029907,0,214.6329956,206.3652954,6.248799801,2.656300068,11.6637001,31.11190033,2.856699944,15
523,16.6807003,0,248.4076996,232.0856934,8.625300407,3.081700087,11.25529957,30.59230042,3.344199896,15
524,21.79070091,0,332.3829956,297.7041016,10.59869957,4.232999802,11.47570038,28.81509972,3.428100109,15
525,25.9829998,2.338700056,122.0189972,132.9631958,3.381400108,1.983700037,13.73970032,33.15110016,2.439399958,5
526,21.47299957,0,203.246994,188.4188995,4.007199764,3.461999893,13.81470013,28.84210014,3.912800074,2
527,27.73830032,2.611299992,104.9020004,111.3917999,0.719600022,1.436699986,16.90600014,33.63639832,1.994300008,15
528,30.90629959,1.988700032,155.2722931,172.8733978,1.12469995,2.926300049,15.0177002,27.71170044,3.379699945,15
529,30.61930084,1.008999944,177.8690033,198.1007996,1.479300022,2.087300062,14.89500046,30.81609917,2.811000109,15
530,25.70369911,0.089699998,230.4882965,218.9075928,3.596600056,4.209000111,12.17500019,29.39139938,4.547999859,15
531,24.69129944,0.061999999,258.109314,225.5460052,4.01429987,3.692300081,11.53899956,28.56240082,4.16260004,8
532,22.50200081,0,185.8522949,185.0935974,2.206799984,2.927299976,13.9630003,31.33040047,3.519999981,15
533,23.75270081,0.505999982,132.3289948,132.9203949,2.301399946,3.778700113,13.96399975,28.61269951,4.261300087,5
534,23.07729912,0,185.7630005,185.0594025,2.209300041,2.919699907,14.02729988,31.37360001,3.50880003,11
535,13.61699963,0,292.3670044,277.3848877,8.879099846,-0.058699999,9.172300339,28.2227993,0.0438,7
536,32.61100006,24.52230072,42.7507019,56.32020187,1.025300026,7.425000191,19.32970047,25.43670082,7.861599922,2
537,24.09869957,0,157.5010071,157.252594,3.993400097,2.768699884,12.27429962,31.71190071,3.301000118,5
538,22.42869949,0,155.8482971,157.2958069,4.297599792,2.490700006,13.07629967,31.78720093,2.915400028,15
539,23.78070068,0.556999981,124.2393036,127.2938004,3.427000046,3.413300037,12.45269966,32.75559998,4.004399776,15
540,22.03930092,0,213.2967072,206.4351959,6.558300018,1.679700017,12.17529964,31.14999962,2.005700111,2
541,23.45770073,0.442000002,118.7817001,121.7630005,3.333199978,3.496000051,12.53969955,32.8064003,4.129000187,15
542,20.76269913,0,163.5402985,162.9210052,4.536699772,2.381299973,12.28569984,31.50839996,2.863399982,15
543,23.27129936,0.411000013,121.6212997,124.466301,3.34559989,3.490999937,12.5340004,32.8730011,4.105700016,15
544,23.67169952,0,149.4947052,150.1584015,3.895800114,3.38499999,12.31029987,32.98920059,3.928999901,15
545,21.64100075,0,156.8513031,157.3883972,4.297399998,1.960000038,12.3427,31.2682991,2.483099937,15
546,22.50499916,0,150.6412964,149.9178009,3.971400023,2.840300083,12.2887001,32.29259872,3.445100069,15
547,23.2336998,0,170.7857056,166.1477966,4.298600197,2.451699972,12.59070015,31.50909996,2.903300047,15
548,15.85900021,0,273.5252991,260.0958862,8.775600433,0.882000029,9.714699745,28.81990051,0.91170001,15
549,17.46170044,0,254.4902954,240.6589966,8.300000191,0.878300011,10.58230019,30.22710037,1.029899955,15
550,2.832299948,0,179.5102997,172.0558014,8.281999588,-3.09800005,7.511000156,30.72999954,-2.870599985,7
551,35.95230103,23.63430023,44.40769958,83.47000122,2.288899899,7.225699902,17.95129967,31.55319977,7.445099831,15
552,35.56499863,23.14830017,44.34000015,83.54199982,2.266400099,7.164999962,17.96769905,31.6529007,7.41779995,15
553,33.56729889,24.85269928,40.7132988,76.28040314,2.270999908,6.823699951,18.10470009,32.0890007,7.074200153,8
554,34.12170029,14.70870018,55.31200027,73.44360352,10.14379978,3.659300089,16.5673008,32.97840118,3.756400108,8
555,23.23430061,1.315700054,85.16870117,93.32800293,2.73390007,4.07130003,12.3732996,32.66759872,4.740300179,15
556,23.3939991,0.819299996,97.66500092,109.9992981,2.67779994,3.885299921,12.47430038,33.26720047,4.555699825,15
557,32.13869858,7.194699764,92.08100128,124.4718018,10.47060013,0.342000008,12.4083004,28.8572998,0.656400025,7
558,39.7322998,12.02330017,71.96869659,99.40309906,1.081200004,5.552999973,17.91699982,23.55520058,6.002699852,15
559,37.93270111,10.79769993,87.60600281,126.6785965,0.64230001,4.135000229,18.5366993,33.57239914,4.549600124,8
560,32.50299835,1.212700009,143.4676971,153.0879974,1.906599998,4.309999943,15.59070015,25.2560997,4.704100132,7
561,31.08869934,0.547699988,215.4669952,225.0877991,4.65719986,4.949299812,15.25300026,24.71019936,4.942699909,7
562,30.52370071,1.840299964,110.1306992,119.1869965,1.378900051,4.221300125,15.9126997,20.9932003,4.742099762,8
563,32.04430008,1.050999999,192.5496979,207.4042053,2.524600029,4.304299831,15.28069973,25.22520065,4.559700012,7
564,31.7689991,1.055299997,148.8202972,163.7026062,2.246999979,4.608300209,15.67630005,22.27370071,5.043900013,15
565,31.70129967,1.034999967,183.0117035,197.6846924,2.398000002,4.252999783,15.40799999,24.76169968,4.579800129,7
566,28.32830048,0.514999986,212.6210022,227.351593,2.386699915,2.72300005,15.89999962,27.56629944,3.268899918,7
567,15.62199974,0,331.0726929,314.6304016,16.49480057,1.981999993,11.53629971,33.22079849,2.24000001,7
568,16.375,0,318.6712952,304.1231079,13.20409966,2.59800005,12.14599991,33.19670105,2.681299925,7
569,12.89900017,0,331.5650024,319.7640991,16.94809914,1.507699966,11.20400047,33.1731987,1.828199983,15
570,14.14729977,0,334.6463013,322.0231018,17.49329948,1.463000059,11.00469971,32.90309906,1.694399953,15
571,16.24300003,0,331.5282898,315.2273865,16.75519943,1.843000054,11.32429981,32.95429993,2.062299967,15
572,15.09399986,0,320.5797119,307.5997009,14.9137001,1.803300023,11.80529976,33.39429855,2.06159997,7
573,19.18930054,0.831700027,144.7350006,149.4367981,1.92809999,3.094000101,13.28369999,32.54380035,3.284699917,15
574,23.9102993,0.088,173.2039948,169.4362946,2.632200003,3.575700045,14.10529995,27.73200035,4.019999981,15
575,26.5366993,0,308.7340088,285.0766907,3.578799963,4.021299839,13.12230015,27.36389923,4.410900116,7
576,24.79599953,2.795300007,57.29299927,64.290802,1.416900039,2.987699986,12.38770008,33.36800003,3.716700077,15
577,22.99900055,2.053299904,64.71929932,73.44309998,0.995999992,3.296000004,13.59700012,32.32389832,3.449700117,15
578,23.17099953,2.095000029,64.76899719,73.2786026,0.997200012,2.74729991,13.75030041,32.51279831,2.940399885,15
579,8.494299889,0,182.7776947,175.987793,11.69659996,-0.466699988,9.057999611,29.36689949,-0.367000014,7
580,35.60570145,4.955699921,115.9749985,141.1165924,6.380400181,3.989700079,12.73530006,32.25899887,4.468200207,15
581,21.5007,3.661000013,134.6322937,155.8406067,7.520199776,0.562300026,10.18000031,29.99010086,0.728799999,15
582,23.88529968,0.0493,136.2642975,148.8511047,3.644399881,1.565999985,12.60929966,32.55239868,1.875800014,11
583,38.14099884,15.39229965,64.73670197,96.22769928,0.819100022,5.75,18.76600075,26.35160065,6.212100029,8
584,16.72970009,0.686699986,114.5183029,118.4213028,2.480900049,1.91869998,13.12530041,32.92539978,2.419399977,15
585,22.22130013,1.091300011,121.4272995,121.4876022,2.481800079,3.317699909,12.53269958,32.21860123,3.578700066,2
