"","aet","cwd","ppt","pptdjf","pptjja","tmn","tmx","tmxjja","tmndjf","fveg","Back"
"1",NA,NA,127.750701904297,125.892997741699,3.26810002326965,3.62800002098083,12.3859996795654,32.782600402832,4.11770009994507,9,1
"2",29.5200004577637,0,147.010696411133,150.966796875,1.75639998912811,5.69500017166138,13.4209995269775,24.9002990722656,6.12860012054443,15,1
"3",36.9249992370605,26.3150005340576,51.8213005065918,55.0220985412598,1.03620004653931,7.95730018615723,19.1667003631592,24.2959995269775,7.93340015411377,5,1
"4",34.1827011108398,0,188.522003173828,187.166107177734,4.0398998260498,5.76929998397827,12.2707004547119,25.2171993255615,5.8983998298645,2,1
"5",43.2286987304688,0.0907000005245209,138.026306152344,140.455001831055,3.58010005950928,3.18630003929138,15.0417003631592,33.1100006103516,2.38369989395142,15,1
"6",42.8633003234863,0,142.422302246094,137.328002929688,2.72709989547729,7.55530023574829,14.3629999160767,25.1030006408691,6.83010005950928,4,1
"7",41.684700012207,0,113.843696594238,112.473297119141,1.43939995765686,5.92129993438721,15.5473003387451,29.1856002807617,5.12309980392456,15,1
"8",43.3499984741211,0,148.356704711914,141.698593139648,3.50959992408752,7.31500005722046,13.5846996307373,24.5879993438721,6.57019996643066,15,1
"9",40.8613014221191,0,130.906997680664,129.523895263672,3.2846999168396,5.02899980545044,15.226300239563,32.6509017944336,3.92309999465942,8,1
"10",NA,NA,127.458297729492,125.859100341797,3.26519989967346,5.28429985046387,15.3443002700806,32.7643013000488,4.15420007705688,15,1
"11",NA,NA,127.544700622559,125.892997741699,3.26810002326965,5.24300003051758,15.3590002059937,32.782600402832,4.11770009994507,15,1
"12",41.043701171875,0.254299998283386,127.932998657227,126.001899719238,3.26719999313354,5.09700012207031,15.2372999191284,32.7202987670898,3.99009990692139,15,1
"13",40.5499992370605,0,167.401992797852,160.253997802734,1.72720003128052,6.41400003433228,15.6337003707886,25.6991004943848,5.64300012588501,15,1
"14",21.7637004852295,0,168.747299194336,174.001907348633,4.96960020065308,-1.25629997253418,10.8043003082275,28.8204002380371,-1.09599995613098,15,1
"15",38.5693016052246,0,155.712005615234,161.845199584961,5.05770015716553,4.93030023574829,15.5113000869751,33.3005981445312,3.8561999797821,15,1
"16",38.1946983337402,0,156.423706054688,162.912094116211,5.09740018844604,4.91200017929077,15.5887002944946,33.3335990905762,3.83739995956421,15,1
"17",38.9432983398438,0,154.983993530273,162.094696044922,5.09040021896362,4.80030012130737,15.7620000839233,33.9369010925293,3.77810001373291,15,1
"18",42.0287017822266,0,112.985000610352,107.957397460938,2.70840001106262,5.65170001983643,15.7150001525879,33.2294006347656,4.55389976501465,2,1
"19",48.25,0,168.582702636719,162.326995849609,2.28509998321533,5.58230018615723,16.8936996459961,23.6033992767334,4.85690021514893,5,1
"20",31.0750007629395,0,137.147003173828,151.322296142578,9.23840045928955,4.35300016403198,15.3147001266479,34.4042015075684,3.48909997940063,15,1
"21",26.4906997680664,0,329.905303955078,320.484191894531,17.0112991333008,2.26300001144409,13.5843000411987,33.1212997436523,1.81760001182556,15,1
"22",39.8123016357422,0,198.711700439453,202.842407226562,3.02369999885559,5.15170001983643,15.4809999465942,30.7992992401123,4.66400003433228,15,1
"23",38.3199996948242,0.0403000004589558,156.052703857422,158.72380065918,3.85610008239746,1.79530000686646,13.7552995681763,31.9668998718262,1.2833000421524,15,1
"24",32.5449981689453,0,242.496002197266,263.893890380859,7.72429990768433,2.27729988098145,14.1597003936768,32.2050018310547,1.60259997844696,9,1
"25",68.9322967529297,0,187.365997314453,194.489807128906,5.4556999206543,2.84870004653931,16.2966995239258,30.8628997802734,1.19719994068146,7,1
"26",75.7873001098633,0,156.861297607422,164.4208984375,4.93499994277954,4.65630006790161,16.0016994476318,31.8910007476807,2.99090003967285,2,1
"27",72.2266998291016,0,168.903305053711,194.39289855957,6.54040002822876,6.64569997787476,17.5352993011475,32.7186012268066,4.39989995956421,15,1
"28",76.0073013305664,0.152700006961823,132.751998901367,141.807998657227,3.6159999370575,7.48299980163574,15.4689998626709,24.5475997924805,6.72709989547729,15,1
"29",74.1066970825195,0,111.234298706055,134.20280456543,2.6149001121521,7.32270002365112,16.5177001953125,24.9491004943848,6.19619989395142,15,1
"30",75.0066986083984,0,115.569297790527,136.21110534668,2.74379992485046,7.41029977798462,16.2339992523193,25.0223999023438,6.48070001602173,15,1
"31",73.9432983398438,0,103.607696533203,129.157897949219,2.49559998512268,7.16099977493286,17.1599998474121,24.2124004364014,5.73479986190796,15,1
"32",74.5979995727539,1.07200002670288,94.2767028808594,118.796096801758,1.90429997444153,7.56330013275146,17.5657005310059,25.9458999633789,5.92509984970093,15,1
"33",76.4567031860352,0,84.2050018310547,110.173400878906,1.40840005874634,6.88570022583008,17.8619995117188,29.2574005126953,5.09019994735718,15,1
"34",75.6212997436523,0.112000003457069,132.035003662109,141.698593139648,3.50959992408752,7.40000009536743,15.6443004608154,24.5879993438721,6.57019996643066,15,1
"35",76.2512969970703,0,126.34529876709,135.676605224609,3.27859997749329,6.05800008773804,17.7812995910645,32.6548004150391,3.77620005607605,15,1
"36",75.6076965332031,0,127.460296630859,138.755004882812,3.50169992446899,6.02600002288818,17.68869972229,32.5638008117676,3.6686999797821,15,1
"37",NA,NA,115.409698486328,125.892997741699,3.26810002326965,6.46969985961914,18.0016994476318,32.782600402832,4.11770009994507,9,1
"38",NA,NA,115.314697265625,125.859100341797,3.26519989967346,6.53030014038086,18.0466995239258,32.7643013000488,4.15420007705688,15,1
"39",NA,NA,115.314697265625,125.859100341797,3.26519989967346,6.53030014038086,18.0466995239258,32.7643013000488,4.15420007705688,15,1
"40",73.8187026977539,0.0303000006824732,118.176300048828,129.328994750977,3.28220009803772,6.17770004272461,17.7353000640869,32.6327018737793,3.84910011291504,15,1
"41",NA,NA,115.409698486328,125.892997741699,3.26810002326965,6.46969985961914,18.0016994476318,32.782600402832,4.11770009994507,15,1
"42",63.6946983337402,0.862999975681305,113.688697814941,152.966995239258,2.54320001602173,2.83170008659363,17.3637008666992,32.219799041748,0.891099989414215,15,1
"43",70.9203033447266,0.0293000005185604,170.433700561523,235.143203735352,4.25089979171753,4.61129999160767,15.2833003997803,29.9878997802734,3.478600025177,8,1
"44",62.5126991271973,0,110.602699279785,149.509994506836,2.64019989967346,2.11730003356934,16.9283008575439,31.8278999328613,0.115599997341633,11,1
"45",78.0906982421875,35.3292999267578,102.323303222656,122.471603393555,3.85759997367859,7.92530012130737,20.3892993927002,30.4559001922607,6.98040008544922,8,1
"46",50.0423011779785,46.8930015563965,47.826000213623,53.8903007507324,1.91659998893738,3.57399988174438,18.6690006256104,32.7863006591797,1.90240001678467,7,1
"47",74.4852981567383,31.0813007354736,79.1436996459961,89.9518966674805,1.48269999027252,9.53299999237061,21.4393005371094,30.1942005157471,8.05529975891113,15,1
"48",74.7617034912109,4.09499979019165,124.127998352051,171.392196655273,3.36069989204407,7.50629997253418,16.6310005187988,20.2029991149902,6.53200006484985,8,1
"49",66.7527008056641,8.29730033874512,165.265701293945,238.914199829102,4.16440010070801,6.34770011901855,17.0837001800537,27.5179004669189,5.73000001907349,2,1
"50",74.1169967651367,7.90299987792969,98.628303527832,111.391799926758,0.719600021839142,3.34929990768433,19.5580005645752,33.6363983154297,1.99430000782013,15,1
"51",73.1647033691406,0,107.082702636719,144.491394042969,1.7175999879837,4.79530000686646,18.2759990692139,32.5928993225098,2.86389994621277,15,1
"52",74.3649978637695,0,133.34700012207,186.8876953125,2.49020004272461,5.39569997787476,19.0160007476807,31.6382007598877,3.46770000457764,7,1
"53",73.1220016479492,0,141.093307495117,152.250900268555,4.01070022583008,5.17729997634888,16.6912994384766,31.7236003875732,2.84980010986328,7,1
"54",79.0932998657227,0,94.6480026245117,107.957397460938,2.70840001106262,7.19899988174438,18.5897006988525,33.2294006347656,4.55389976501465,2,1
"55",70.314697265625,5.97130012512207,121.994003295898,136.669006347656,2.5090000629425,3.70429992675781,15.3292999267578,26.4456005096436,2.95589995384216,15,1
"56",74.7693023681641,1.57829999923706,122.746696472168,136.555297851562,2.48699998855591,3.93729996681213,15.4923000335693,26.4491004943848,3.16389989852905,15,1
"57",66.5017013549805,10.0183000564575,44.7843017578125,61.9627990722656,1.79869997501373,7.0922999382019,17.0727005004883,30.7982006072998,5.54169988632202,2,1
"58",78.1466979980469,0,90.8877029418945,114.156700134277,1.49989998340607,6.7020001411438,18.7313003540039,27.256799697876,4.91709995269775,15,1
"59",75.3629989624023,0.730300009250641,106.459701538086,135.307205200195,1.69700002670288,5.77600002288818,18.5030002593994,29.1942005157471,4.91209983825684,15,1
"60",77.7746963500977,0.702000021934509,152.343002319336,189.613204956055,2.36779999732971,5.79169988632202,18.2063007354736,29.0184001922607,4.42589998245239,15,1
"61",72.904296875,1.80569994449615,116.346702575684,154.133407592773,3.31640005111694,7.58470010757446,15.7119998931885,20.2509994506836,6.95510005950928,4,1
"62",79.2266998291016,0,115.938301086426,148.251205444336,1.7548999786377,5.44229984283447,19.3803005218506,30.1466007232666,3.667799949646,2,1
"63",73.5979995727539,4.73530006408691,99.0987014770508,111.055198669434,1.94439995288849,5.61429977416992,16.8983001708984,25.4169998168945,4.80089998245239,2,1
"64",69.8290023803711,6.38170003890991,89.6112976074219,117.584197998047,1.0654000043869,5.75769996643066,14.706000328064,29.364200592041,4.83059978485107,15,1
"65",80.879997253418,0.0992999970912933,83.9233016967773,112.318603515625,0.658900022506714,5.63770008087158,18.1420001983643,28.2604007720947,4.30819988250732,2,1
"66",77.0019989013672,0,310.511993408203,358.373107910156,3.88980007171631,5.24930000305176,14.3826999664307,26.4958992004395,6.22319984436035,7,1
"67",60.3582992553711,0,299.192687988281,320.484191894531,17.0112991333008,3.65000009536743,16.9277000427246,33.1212997436523,1.81760001182556,15,1
"68",76.1507034301758,0.532700002193451,116.354698181152,163.237594604492,2.36019992828369,5.41569995880127,18.9633007049561,29.8983001708984,3.55640006065369,15,1
"69",74.746696472168,0,145.00129699707,202.842407226562,3.02369999885559,6.10430002212524,17.7700004577637,30.7992992401123,4.66400003433228,15,1
"70",73.8632965087891,0,145.524993896484,157.541305541992,3.73370003700256,3.25699996948242,15.9743003845215,32.1478996276855,1.47130000591278,15,1
"71",68.9623031616211,3.36199998855591,83.6989974975586,121.487602233887,2.4818000793457,5.05130004882812,17.270299911499,32.2186012268066,3.57870006561279,2,1
"72",71.7673034667969,3.94269990921021,104.782997131348,117.001098632812,3.39330005645752,7.23299980163574,18.8139991760254,33.0477981567383,4.48439979553223,15,1
"73",78.2710037231445,32.5923004150391,45.6139984130859,103.718002319336,1.85010004043579,7.4096999168396,19.0849990844727,27.1721000671387,5.09560012817383,15,1
"74",81.4673004150391,29.5060005187988,42.4832992553711,126.655403137207,2.08979988098145,7.06500005722046,19.3770008087158,26.0818004608154,4.4766001701355,15,1
"75",85.5942993164062,26.0657005310059,47.2643013000488,137.791595458984,2.76220011711121,8.12670040130615,17.878999710083,24.7523994445801,6.75419998168945,5,1
"76",111.956703186035,4.90999984741211,29.9113006591797,102.97200012207,2.07629990577698,6.76599979400635,22.2616996765137,33.7747001647949,3.02320003509521,9,1
"77",114.980003356934,0,82.4457015991211,164.4208984375,4.93499994277954,6.00729990005493,19.2432994842529,31.8910007476807,2.99090003967285,2,1
"78",114.980003356934,0,82.4457015991211,164.4208984375,4.93499994277954,6.00729990005493,19.2432994842529,31.8910007476807,2.99090003967285,2,1
"79",103.012298583984,10.9010000228882,84.8762969970703,198.037796020508,6.67980003356934,8.04100036621094,20.1466999053955,32.6682014465332,4.21439981460571,15,1
"80",61.0730018615723,57.8703002929688,59.0460014343262,129.99560546875,3.08089995384216,6.45629978179932,20.7059993743896,33.5635986328125,2.82189989089966,15,1
"81",109.430702209473,7.67269992828369,65.4567031860352,141.093307495117,3.60689997673035,6.0366997718811,20.0496997833252,33.0152015686035,2.45359992980957,15,1
"82",113.833702087402,1.99629998207092,58.6432991027832,120.557998657227,3.00430011749268,6.5310001373291,21.7140007019043,34.0620994567871,2.68099999427795,15,1
"83",95.9226989746094,0,108.375297546387,228.721603393555,7.08360004425049,2.82800006866455,14.9366998672485,27.7835998535156,-0.0830999985337257,7,1
"84",109.546699523926,0.443300008773804,45.5979995727539,129.157897949219,2.49559998512268,8.06669998168945,18.9892997741699,24.2124004364014,5.73479986190796,15,1
"85",88.9162979125977,18.7169990539551,50.2000007629395,142.013900756836,3.46320009231567,7.75670003890991,17.5209999084473,24.4894008636475,6.79860019683838,15,1
"86",99.6446990966797,9.61870002746582,50.2817001342773,141.807998657227,3.6159999370575,7.62069988250732,17.4493007659912,24.5475997924805,6.72709989547729,15,1
"87",99.6890029907227,11.1676998138428,46.8357009887695,132.285995483398,2.5132999420166,8.05370044708252,18.8502998352051,24.9815998077393,5.98680019378662,15,1
"88",86.7563018798828,23.6203002929688,46.0410003662109,130.31379699707,2.53999996185303,7.99569988250732,19.1243000030518,24.7807998657227,5.60080003738403,15,1
"89",110.49299621582,0.753700017929077,44.9082984924316,127.366096496582,2.36730003356934,8.26270008087158,18.9440002441406,24.051700592041,5.83720016479492,15,1
"90",109.886703491211,0.116700001060963,48.1533012390137,136.21110534668,2.74379992485046,7.95599985122681,18.2047004699707,25.0223999023438,6.48070001602173,15,1
"91",66.331298828125,45.2752990722656,45.8083000183105,129.965301513672,2.53060007095337,8.12469959259033,18.9972991943359,24.6940002441406,5.79360008239746,15,1
"92",113.536697387695,2.91000008583069,36.5102996826172,110.173400878906,1.40840005874634,8.05669975280762,20.9580001831055,29.2574005126953,5.09019994735718,15,1
"93",109.207702636719,5.36899995803833,64.6510009765625,138.755004882812,3.50169992446899,7.57469987869263,20.3353004455566,32.5638008117676,3.6686999797821,15,1
"94",NA,NA,57.4766998291016,125.892997741699,3.26810002326965,8.03769969940186,21.0300006866455,32.782600402832,4.11770009994507,9,1
"95",NA,NA,57.4226989746094,125.859100341797,3.26519989967346,8.10099983215332,21.0457000732422,32.7643013000488,4.15420007705688,15,1
"96",NA,NA,57.4766998291016,125.892997741699,3.26810002326965,8.03769969940186,21.0300006866455,32.782600402832,4.11770009994507,15,1
"97",97.7799987792969,0,119.922996520996,316.526397705078,9.29500007629395,5.0366997718811,17.7049999237061,28.0272006988525,3.29390001296997,7,1
"98",110.777702331543,0,62.5326995849609,207.220092773438,2.60820007324219,4.92000007629395,20.5009994506836,31.8111000061035,1.54990005493164,15,1
"99",93.4960021972656,0,83.2539978027344,226.283294677734,5.53079986572266,2.03570008277893,19.9216995239258,32.5066986083984,-0.762000024318695,15,1
"100",106.352996826172,0,43.2290000915527,149.714904785156,2.63369989395142,3.87229990959167,19.9057006835938,31.8118000030518,0.158800005912781,15,1
"101",99.370002746582,0,74.8416976928711,198.062896728516,4.97009992599487,3.34200000762939,19.548999786377,31.3607006072998,0.565100014209747,5,1
"102",78.3632965087891,28.1623001098633,46.4622993469238,152.966995239258,2.54320001602173,4.06430006027222,20.1916999816895,32.219799041748,0.891099989414215,15,1
"103",64.060302734375,43.8897018432617,62.8287010192871,202.715393066406,2.1256000995636,5.52400016784668,18.3717002868652,30.4333992004395,2.93289995193481,8,1
"104",69.024299621582,35.9496994018555,60.2262992858887,195.997894287109,2.77830004692078,5.22069978713989,18.6683006286621,31.3876991271973,3.03080010414124,8,1
"105",77.7182998657227,23.4316997528076,56.5579986572266,205.419799804688,3.49830007553101,5.68100023269653,18.6597003936768,30.8696002960205,3.02029991149902,7,1
"106",77.8647003173828,24.8997001647949,56.5223007202148,187.89729309082,1.77479994297028,4.37569999694824,19.7602996826172,31.6390991210938,1.43519997596741,8,1
"107",66.9317016601562,45.3889999389648,52.3917007446289,179.516006469727,2.63980007171631,5.32730007171631,19.8567008972168,31.8855991363525,2.22420001029968,15,1
"108",64.060302734375,43.8897018432617,62.8287010192871,202.715393066406,2.1256000995636,5.52400016784668,18.3717002868652,30.4333992004395,2.93289995193481,8,1
"109",107.033699035645,4.89300012588501,50.6362991333008,174.132095336914,3.26259994506836,7.64330005645752,19.1142997741699,23.1128005981445,5.45329999923706,2,1
"110",87.2856979370117,25.0876998901367,45.7597007751465,163.618194580078,1.77180004119873,8.32369995117188,20.0603008270264,25.8099002838135,5.70989990234375,15,1
"111",86.7509994506836,25.9356994628906,44.8852996826172,160.253997802734,1.72720003128052,8.25870037078857,20.0540008544922,25.6991004943848,5.64300012588501,15,1
"112",69.2337036132812,42.2729988098145,64.222297668457,240.585296630859,4.24440002441406,7.31629991531372,19.4552993774414,27.5280990600586,5.87239980697632,15,1
"113",51.9696998596191,20.0323009490967,73.1780014038086,176.233200073242,5.67180013656616,1.15400004386902,14.8660001754761,26.7679996490479,-2.07940006256104,5,1
"114",91.1072998046875,0.996999979019165,93.117301940918,194.833892822266,9.15170001983643,3.05170011520386,19.1446990966797,32.2448997497559,0.374700009822845,7,1
"115",67.0857009887695,52.2243003845215,45.7406997680664,115.877998352051,0.72759997844696,4.37029981613159,22.8316993713379,33.5026016235352,1.37730002403259,15,1
"116",92.7647018432617,18.8052997589111,36.7729988098145,96.6647033691406,1.80359995365143,8.18529987335205,17.1947002410889,18.8526000976562,5.86509990692139,15,1
"117",115.416702270508,0.0266999993473291,52.8489990234375,152.231994628906,1.77219998836517,6.41429996490479,18.5912990570068,23.4698009490967,5.63920021057129,15,1
"118",89.7910003662109,24.0522994995117,40.4529991149902,131.809600830078,1.0106999874115,6.89830017089844,16.5032997131348,19.3717002868652,5.11819982528687,8,1
"119",115.62329864502,0,53.1557006835938,186.8876953125,2.49020004272461,6.45870018005371,22.1679992675781,31.6382007598877,3.46770000457764,7,1
"120",103.166999816895,6.11299991607666,97.875,217.582992553711,6.7810001373291,6.03369998931885,20.056999206543,32.7891998291016,2.64800000190735,15,1
"121",107.598999023438,0.947700023651123,95.1797027587891,210.918106079102,6.59619998931885,6.10169982910156,20.0433006286621,32.82080078125,2.69219994544983,15,1
"122",117.64330291748,0,56.1016998291016,126.88639831543,3.24340009689331,8.1702995300293,20.8663005828857,32.657398223877,4.03630018234253,2,1
"123",77.6483001708984,31.1583003997803,78.61669921875,162.678695678711,4.74420022964478,6.35599994659424,20.44700050354,32.6627998352051,2.54509997367859,2,1
"124",120.058296203613,1.29830002784729,44.4253005981445,108.674102783203,2.70499992370605,8.69229984283447,21.7189998626709,33.2084007263184,4.55800008773804,15,1
"125",120.058296203613,1.29830002784729,44.4253005981445,108.674102783203,2.70499992370605,8.69229984283447,21.7189998626709,33.2084007263184,4.55800008773804,15,1
"126",119.902702331543,1.42729997634888,44.2653007507324,107.957397460938,2.70840001106262,8.65299987792969,21.7763004302979,33.2294006347656,4.55389976501465,2,1
"127",74.190299987793,29.2656993865967,72.7880020141602,257.171600341797,5.39769983291626,2.84400010108948,16.9722995758057,28.2019996643066,-0.675000011920929,15,1
"128",56.6162986755371,56.7737007141113,35.7330017089844,110.574203491211,1.58589994907379,8.71199989318848,19.7206993103027,24.8729991912842,5.76840019226074,5,1
"129",103.456001281738,10.3540000915527,65.831298828125,173.286895751953,4.03959989547729,6.39529991149902,18.7672996520996,27.1226005554199,5.23810005187988,2,1
"130",113.950698852539,3.8092999458313,46.7913017272949,148.251205444336,1.7548999786377,6.24599981307983,22.309700012207,30.1466007232666,3.667799949646,2,1
"131",105.34700012207,1.38970005512238,45.3827018737793,132.243392944336,2.95670008659363,8.27169990539551,16.238000869751,18.841100692749,7.28959989547729,2,1
"132",64.2070007324219,44.6063003540039,40.964298248291,117.584197998047,1.0654000043869,7.02330017089844,17.4493007659912,29.364200592041,4.83059978485107,15,1
"133",77.1230010986328,32.4537010192871,64.4473037719727,187.166107177734,4.0398998260498,6.62400007247925,16.5056991577148,25.2171993255615,5.8983998298645,2,1
"134",100.38330078125,11.6366996765137,44.7976989746094,112.318603515625,0.658900022506714,6.21299982070923,19.3903007507324,28.2604007720947,4.30819988250732,2,1
"135",97.9509963989258,21.1222991943359,49.6057014465332,142.675201416016,1.68840003013611,6.54099988937378,21.2073001861572,24.8372993469238,4.62680006027222,7,1
"136",116.769996643066,0,82.2419967651367,235.976593017578,2.87890005111694,6.59569978713989,19.4316997528076,26.5382995605469,5.37069988250732,8,1
"137",109.695999145508,7.62069988250732,69.4857025146484,202.532897949219,2.48819994926453,6.51070022583008,20.136999130249,24.8504009246826,4.71000003814697,7,1
"138",118.38330078125,0,79.4953002929688,247.696899414062,2.47519993782043,5.42530012130737,21.7926998138428,28.7702007293701,3.29520010948181,8,1
"139",103.510696411133,7.72930002212524,60.4962997436523,162.973999023438,4.41340017318726,6.53630018234253,17.8962993621826,23.9829998016357,5.61189985275269,15,1
"140",114.179000854492,1.5242999792099,71.8219985961914,215.149703979492,2.51900005340576,5.4229998588562,20.8840007781982,27.4286994934082,3.50119996070862,5,1
"141",103.510696411133,7.72930002212524,60.4962997436523,162.973999023438,4.41340017318726,6.53630018234253,17.8962993621826,23.9829998016357,5.61189985275269,2,1
"142",96.8357009887695,3.94770002365112,152.677993774414,320.484191894531,17.0112991333008,5.82329988479614,19.9923000335693,33.1212997436523,1.81760001182556,15,1
"143",87.1917037963867,13.7180004119873,93.4132995605469,206.69189453125,11.6373996734619,4.73629999160767,19.9237003326416,33.5251007080078,1.31169998645782,15,1
"144",69.8639984130859,44.7826995849609,57.7610015869141,199.119598388672,2.86019992828369,6.96199989318848,21.1177005767822,30.7703990936279,4.48000001907349,15,1
"145",72.9626998901367,33.6273002624512,32.5209999084473,118.42130279541,2.48090004920959,5.86429977416992,21.3052997589111,32.9253997802734,2.41939997673035,15,1
"146",66.5199966430664,44.5800018310547,34.1967010498047,121.487602233887,2.4818000793457,6.2996997833252,20.4300003051758,32.2186012268066,3.57870006561279,2,1
"147",112.923301696777,0,106.24870300293,237.738800048828,6.93230009078979,5.63269996643066,20.4020004272461,33.2167015075684,2.11209988594055,15,1
"148",40.4547004699707,106.291999816895,25.8712997436523,138.324401855469,3.47300004959106,9.28929996490479,19.7959995269775,24.8241004943848,6.63180017471313,15,1
"149",32.2327003479004,113.397300720215,25.8243007659912,139.139801025391,3.24219989776611,9.06330013275146,19.7070007324219,24.5503997802734,6.50899982452393,15,1
"150",145.011703491211,17.125,47.8042984008789,164.4208984375,4.93499994277954,9.85599994659424,23.8703002929688,31.8910007476807,2.99090003967285,2,1
"151",108.091003417969,43.8256988525391,51.7027015686035,194.489807128906,5.4556999206543,7.58430004119873,23.3859996795654,30.8628997802734,1.19719994068146,7,1
"152",66.765998840332,96.713996887207,44.5497016906738,194.39289855957,6.54040002822876,11.2087001800537,25.4542999267578,32.7186012268066,4.39989995956421,15,1
"153",77.7809982299805,84.3057022094727,36.109001159668,141.093307495117,3.60689997673035,9.33899974822998,25.0699996948242,33.0152015686035,2.45359992980957,15,1
"154",45.068000793457,121.012001037598,31.9162998199463,129.08869934082,3.05369997024536,9.88329982757568,26.1966991424561,33.6417999267578,2.77239990234375,15,1
"155",34.8462982177734,130.837005615234,32.190299987793,129.99560546875,3.08089995384216,9.86569976806641,26.1352996826172,33.5635986328125,2.82189989089966,15,1
"156",31.1837005615234,115.856300354004,24.6940002441406,138.433197021484,2.77740001678467,9.5600004196167,19.9752998352051,24.8239002227783,6.84100008010864,15,1
"157",45.2237014770508,98.7730026245117,26.3262996673584,141.555603027344,3.17170000076294,9.35669994354248,19.6797008514404,24.6506996154785,6.83279991149902,2,1
"158",45.9163017272949,97.5336990356445,26.8483009338379,142.013900756836,3.46320009231567,9.02600002288818,19.6362991333008,24.4894008636475,6.79860019683838,15,1
"159",28.8836994171143,121.273002624512,23.0916996002197,129.965301513672,2.53060007095337,9.78269958496094,20.8703002929688,24.6940002441406,5.79360008239746,15,1
"160",60.7610015869141,83.6790008544922,26.75830078125,141.807998657227,3.6159999370575,8.80830001831055,19.6443004608154,24.5475997924805,6.72709989547729,15,1
"161",127.183296203613,20.7966995239258,24.24169921875,136.21110534668,2.74379992485046,9.39169979095459,20.3267002105713,25.0223999023438,6.48070001602173,15,1
"162",116.628997802734,32.1209983825684,22.4097003936768,129.157897949219,2.49559998512268,9.72729969024658,20.8486995697021,24.2124004364014,5.73479986190796,15,1
"163",39.2117004394531,109.934997558594,22.6797008514404,130.31379699707,2.53999996185303,9.6540002822876,21.0189990997314,24.7807998657227,5.60080003738403,15,1
"164",126.892303466797,22.6842994689941,22.3509998321533,127.366096496582,2.36730003356934,9.89869976043701,20.6972999572754,24.051700592041,5.83720016479492,15,1
"165",54.157299041748,95.2326965332031,23.0762996673584,132.285995483398,2.5132999420166,9.62870025634766,20.8819999694824,24.9815998077393,5.98680019378662,15,1
"166",29.4209995269775,121.21900177002,23.4566993713379,132.691696166992,2.65179991722107,9.76169967651367,20.7823009490967,25.4293994903564,6.41580009460449,8,1
"167",40.173999786377,109.132698059082,23.2763004302979,132.860107421875,2.60139989852905,9.63869953155518,20.817699432373,25.0949001312256,6.12169981002808,15,1
"168",NA,NA,30.4232997894287,125.892997741699,3.26810002326965,10.7847003936768,25.8393001556396,32.782600402832,4.11770009994507,9,1
"169",94.8629989624023,58.5736999511719,75.6723022460938,204.47590637207,6.71820020675659,7.55999994277954,22.6667003631592,31.1280994415283,0.397399991750717,2,1
"170",NA,NA,30.6243000030518,125.859100341797,3.26519989967346,10.8416996002197,25.8512992858887,32.7643013000488,4.15420007705688,15,1
"171",58.7799987792969,87.3332977294922,42.7313003540039,195.291305541992,4.97709989547729,6.19600009918213,24.0412998199463,31.4489002227783,0.517000019550323,5,1
"172",39.2997016906738,115.027000427246,25.1879997253418,149.717193603516,2.61479997634888,8.35000038146973,23.8596992492676,31.3703002929688,1.60179996490479,5,1
"173",155.825302124023,6.25799989700317,31.7103004455566,187.910598754883,2.71160006523132,8.6702995300293,26.4139995574951,32.1073989868164,3.28259992599487,11,1
"174",108.023696899414,58.2397003173828,37.3289985656738,162.773193359375,5.07609987258911,9.13770008087158,23.5599994659424,31.6928005218506,1.68330001831055,15,1
"175",79.7606964111328,84.3793029785156,35.2542991638184,169.716796875,5.54290008544922,8.59070014953613,23.0407009124756,31.0130996704102,1.35230004787445,15,1
"176",37.0662994384766,115.967002868652,19.2982997894287,163.618194580078,1.77180004119873,10.0183000564575,22.2980003356934,25.8099002838135,5.70989990234375,15,1
"177",36.0060005187988,117.337303161621,18.8027000427246,160.253997802734,1.72720003128052,10.015700340271,22.2467002868652,25.6991004943848,5.64300012588501,15,1
"178",62.9700012207031,97.4067001342773,27.011999130249,152.963104248047,3.51620006561279,8.69900035858154,24.4750003814697,32.3763999938965,1.52890002727509,15,1
"179",110.345001220703,42.1996994018555,44.5413017272949,184.175003051758,4.66359996795654,6.36269998550415,21.2173004150391,28.5238990783691,-0.48989999294281,7,1
"180",52.4712982177734,108.068702697754,24.1676998138428,144.650894165039,1.74080002307892,9.50769996643066,26.0009994506836,32.6790008544922,2.83899998664856,15,1
"181",96.1279983520508,59.2319984436035,55.4580001831055,210.918106079102,6.59619998931885,9.47599983215332,24.3516998291016,32.82080078125,2.69219994544983,15,1
"182",22.3729991912842,147.393707275391,20.1292991638184,91.8159027099609,2.00200009346008,11.0957002639771,26.8383007049561,33.3008003234863,4.22840023040771,2,1
"183",142.76530456543,5.13469982147217,80.3503036499023,281.174896240234,8.81760025024414,7.11199998855591,19.8637008666992,27.4599990844727,0.891600012779236,7,1
"184",152.338302612305,2.10829997062683,67.6942977905273,263.404998779297,7.67519998550415,7.94799995422363,21.9899997711182,29.5440006256104,1.08560001850128,7,1
"185",80.9557037353516,75.1076965332031,42.7700004577637,162.921005249023,4.5366997718811,9.69970035552979,23.9407005310059,31.5083999633789,2.86339998245239,15,1
"186",159.773300170898,0.71670001745224,51.8889999389648,206.435195922852,6.55830001831055,9.13099956512451,23.5132999420166,31.1499996185303,2.00570011138916,2,1
"187",122.218696594238,48.7212982177734,24.9792995452881,108.674102783203,2.70499992370605,11.4083003997803,26.7119998931885,33.2084007263184,4.55800008773804,15,1
"188",126.13330078125,44.1666984558105,24.9986991882324,109.999298095703,2.67779994010925,11.3896999359131,26.742000579834,33.2672004699707,4.55569982528687,15,1
"189",42.3717002868652,112.144996643066,19.75830078125,141.820205688477,1.8154000043869,7.79570007324219,24.4503002166748,29.5722999572754,4.90469980239868,15,1
"190",51.505298614502,101.624702453613,25.2367000579834,178.926605224609,2.50309991836548,7.84770011901855,23.8817005157471,28.8521995544434,4.90579986572266,15,1
"191",70.4862976074219,78.9203033447266,33.4243011474609,183.37190246582,3.87339997291565,8.84070014953613,20.3342990875244,25.3437995910645,5.93370008468628,15,1
"192",55.7443008422852,99.0356979370117,27.3659992218018,197.274002075195,2.5485999584198,7.8137001991272,23.5916996002197,28.496000289917,4.76119995117188,15,1
"193",138.550994873047,17.4057006835938,21.5690002441406,162.593399047852,2.13540005683899,7.80830001831055,24.7877006530762,29.6016998291016,4.31979990005493,15,1
"194",22.2180004119873,131.758697509766,18.492000579834,110.574203491211,1.58589994907379,10.5963001251221,21.7943000793457,24.8729991912842,5.76840019226074,5,1
"195",71.923698425293,79.9096984863281,15.75,112.318603515625,0.658900022506714,8.77530002593994,23.0370006561279,28.2604007720947,4.30819988250732,2,1
"196",77.6763000488281,70.5469970703125,35.3442993164062,199.036605834961,4.40530014038086,9.11100006103516,19.3090000152588,24.660400390625,5.97200012207031,15,1
"197",55.9082984924316,97.5950012207031,22.3896999359131,155.455200195312,2.39459991455078,8.35000038146973,23.6382999420166,28.1583995819092,5.37760019302368,15,1
"198",96.177001953125,53.4830017089844,31.4039993286133,225.087799072266,4.65719985961914,8.24969959259033,20.8847007751465,24.7101993560791,4.94269990921021,7,1
"199",46.0637016296387,100.023002624512,40.1436996459961,281.125793457031,3.55970001220703,9.35229969024658,20.3946990966797,26.0599994659424,5.9047999382019,15,1
"200",81.2123031616211,73.5442962646484,16.4193000793457,118.252197265625,1.05770003795624,8.90629959106445,21.3922996520996,23.0181007385254,4.72329998016357,9,1
"201",85.4240036010742,69.4592971801758,23.2287006378174,175.596298217773,2.34120011329651,8.59969997406006,21.2766990661621,22.9179000854492,4.58290004730225,5,1
"202",132.001693725586,22.5550003051758,23.2950000762939,177.364196777344,2.31629991531372,8.68770027160645,21.4843006134033,23.2605991363525,4.68739986419678,7,1
"203",139.600997924805,13.6656999588013,31.0709991455078,235.976593017578,2.87890005111694,8.37899971008301,22.0247001647949,26.5382995605469,5.37069988250732,8,1
"204",139.600997924805,13.6656999588013,31.0709991455078,235.976593017578,2.87890005111694,8.37899971008301,22.0247001647949,26.5382995605469,5.37069988250732,8,1
"205",142.933303833008,0,86.5987014770508,319.764099121094,16.9480991363525,9.58629989624023,25.1573009490967,33.1731986999512,1.82819998264313,15,1
"206",139.234298706055,18.8756999969482,44.2112998962402,148.553695678711,8.9827995300293,11.7227001190186,27.0457000732422,34.548698425293,3.15560007095337,15,1
"207",124.809700012207,33.7902984619141,41.6456985473633,140.887405395508,8.46679973602295,11.6149997711182,27.0900001525879,34.7561988830566,2.93440008163452,15,1
"208",155.89469909668,2.21199989318848,34.7939987182617,202.842407226562,3.02369999885559,8.86200046539307,24.8523006439209,30.7992992401123,4.66400003433228,15,1
"209",101.556701660156,55.0900001525879,38.6547012329102,224.608001708984,2.55460000038147,7.90070009231567,23.4109992980957,27.656099319458,3.87190008163452,15,1
"210",143.059295654297,13.4607000350952,37.4570007324219,215.301803588867,3.27360010147095,8.86030006408691,24.7887001037598,30.9204006195068,5.00339984893799,8,1
"211",95.8253021240234,61.9080009460449,41.4333000183105,165.56120300293,4.06160020828247,7.65829992294312,23.5020008087158,31.5596008300781,1.03390002250671,15,1
"212",87.1356964111328,71.7042999267578,39.9212989807129,157.541305541992,3.73370003700256,8.11970043182373,24.2210006713867,32.1478996276855,1.47130000591278,15,1
"213",104.103302001953,44.2233009338379,48.5693016052246,186.208404541016,6.00890016555786,6.3786997795105,22.6756992340088,30.492000579834,-0.446399986743927,7,1
"214",121.839996337891,28.7800006866455,49.1172981262207,187.443206787109,5.60510015487671,6.99300003051758,21.3416996002197,29.5750999450684,0.1300999969244,7,1
"215",86.4673004150391,72.8727035522461,39.1969985961914,155.899002075195,3.6554000377655,8.26900005340576,24.4076995849609,32.2636985778809,1.62929999828339,15,1
"216",33.7179985046387,125.512001037598,25.5687007904053,121.487602233887,2.4818000793457,9.70400047302246,25.4309997558594,32.2186012268066,3.57870006561279,2,1
"217",28.8759994506836,134.377304077148,28.0713005065918,100.744003295898,4.65539979934692,11.9409999847412,27.1690006256104,34.5155982971191,3.59500002861023,2,1
"218",6.48330020904541,153.856704711914,6.48330020904541,139.139801025391,3.24219989776611,11.1477003097534,22.6222991943359,24.5503997802734,6.50899982452393,15,1
"219",3.7846999168396,159.151992797852,3.7846999168396,115.443199157715,1.63909995555878,11.0819997787476,25.7712993621826,27.8318004608154,5.50559997558594,15,1
"220",24.7222995758057,141.97770690918,2.99169993400574,78.2553024291992,1.35629999637604,13.1319999694824,23.9389991760254,24.7957992553711,6.15040016174316,2,1
"221",3.19429993629456,164.639007568359,3.19429993629456,78.4525985717773,1.42229998111725,13.0487003326416,24.1096992492676,24.8957004547119,6.06510019302368,2,1
"222",5.34369993209839,154.606292724609,5.34369993209839,138.433197021484,2.77740001678467,10.8253002166748,23.0610008239746,24.8239002227783,6.84100008010864,15,1
"223",2.4653000831604,167.891296386719,2.4653000831604,117.584197998047,1.0654000043869,14.0170001983643,27.2556991577148,29.364200592041,4.83059978485107,15,1
"224",8.70870018005371,150.544692993164,7.23899984359741,141.807998657227,3.6159999370575,11.0286998748779,22.7273006439209,24.5475997924805,6.72709989547729,15,1
"225",6.95970010757446,151.266998291016,6.70069980621338,142.013900756836,3.46320009231567,11.0100002288818,22.7439994812012,24.4894008636475,6.79860019683838,15,1
"226",5.09870004653931,158.261306762695,4.95230007171631,132.285995483398,2.5132999420166,11.18630027771,23.761999130249,24.9815998077393,5.98680019378662,15,1
"227",5.00430011749268,158.475692749023,5.00430011749268,130.31379699707,2.53999996185303,11.3737001419067,23.7847003936768,24.7807998657227,5.60080003738403,15,1
"228",27.7626991271973,134.917297363281,5.03030014038086,129.157897949219,2.49559998512268,11.4643001556396,23.4053001403809,24.2124004364014,5.73479986190796,15,1
"229",45.0227012634277,118.124000549316,4.85029983520508,127.366096496582,2.36730003356934,11.680700302124,23.1012992858887,24.051700592041,5.83720016479492,15,1
"230",39.4339981079102,122.862701416016,5.33370018005371,136.21110534668,2.74379992485046,11.0336999893188,23.3766994476318,25.0223999023438,6.48070001602173,15,1
"231",45.0227012634277,118.124000549316,4.85029983520508,127.366096496582,2.36730003356934,11.680700302124,23.1012992858887,24.051700592041,5.83720016479492,15,1
"232",5.24069976806641,159.249298095703,5.24069976806641,130.790802001953,2.58200001716614,11.0403003692627,24.1977005004883,25.7418003082275,6.25769996643066,2,1
"233",5.24069976806641,159.249298095703,5.24069976806641,130.790802001953,2.58200001716614,11.0403003692627,24.1977005004883,25.7418003082275,6.25769996643066,2,1
"234",NA,NA,7.90430021286011,125.859100341797,3.26519989967346,13.774299621582,30.4300003051758,32.7643013000488,4.15420007705688,15,1
"235",2.12630009651184,153.773696899414,2.12630009651184,101.124603271484,1.3264000415802,14.4042997360229,23.7173004150391,25.8687992095947,9.86779975891113,5,1
"236",2.11770009994507,152.312301635742,2.11770009994507,84.8917999267578,1.28120005130768,14.8100004196167,21.8542995452881,23.3682994842529,9.87909984588623,15,1
"237",3.80769991874695,162.205703735352,3.80769991874695,160.253997802734,1.72720003128052,11.5806999206543,24.8132991790771,25.6991004943848,5.64300012588501,15,1
"238",6.0939998626709,148.749298095703,5.89029979705811,139.645599365234,2.41659998893738,11.1183004379272,18.6263008117676,19.1616992950439,6.89169979095459,5,1
"239",NA,NA,5.57329988479614,134.151992797852,2.4070999622345,11.2132997512817,18.3229999542236,18.6490993499756,6.85920000076294,5,1
"240",12.8816995620728,150.631698608398,8.12800025939941,170.678802490234,3.20440006256104,10.7397003173828,22.4053001403809,22.9225997924805,5.40019989013672,5,1
"241",5.26100015640259,174.465698242188,3.80229997634888,144.650894165039,1.74080002307892,12.5457000732422,30.4629993438721,32.6790008544922,2.83899998664856,15,1
"242",26.4666996002197,151.38330078125,5.80970001220703,190.159194946289,2.55590009689331,11.2419996261597,29.7462997436523,31.57200050354,3.67190003395081,15,1
"243",17.3862991333008,166.600296020508,12.9486999511719,160.720794677734,5.47200012207031,13.9079999923706,31.305700302124,34.2291984558105,3.67510008811951,15,1
"244",118.532997131348,66.3803024291992,13.1149997711182,158.631607055664,5.54330015182495,14.1660003662109,31.6912994384766,34.5821990966797,3.85809993743896,15,1
"245",19.7562999725342,162.367004394531,12.7903003692627,163.354797363281,5.28630018234253,14.1330003738403,31.0923004150391,33.9779014587402,3.77909994125366,15,1
"246",109.985000610352,71.7949981689453,15.3999996185303,206.435195922852,6.55830001831055,12.8636999130249,28.3512992858887,31.1499996185303,2.00570011138916,2,1
"247",19.6676998138428,157.282302856445,10.8452997207642,159.949005126953,4.4539999961853,12.9013004302979,28.3843002319336,31.3078002929688,2.60369992256165,15,1
"248",4.12799978256226,168.725296020508,4.12799978256226,147.703903198242,1.72220003604889,9.68099975585938,29.0622997283936,30.8118000030518,4.01030015945435,15,1
"249",15.6049995422363,151.471694946289,10.0543003082275,205.469696044922,4.97480010986328,11.4607000350952,24.2227001190186,26.5466003417969,6.16629981994629,7,1
"250",10.9173002243042,154.606002807617,9.16800022125244,187.166107177734,4.0398998260498,11.2930002212524,22.9750003814697,25.2171993255615,5.8983998298645,2,1
"251",5.62900018692017,161.091003417969,1.57529997825623,112.318603515625,0.658900022506714,10.9013004302979,26.5783004760742,28.2604007720947,4.30819988250732,2,1
"252",54.4873008728027,112.649299621582,6.2846999168396,235.976593017578,2.87890005111694,10.4372997283936,24.7303009033203,26.5382995605469,5.37069988250732,8,1
"253",54.4873008728027,112.649299621582,6.2846999168396,235.976593017578,2.87890005111694,10.4372997283936,24.7303009033203,26.5382995605469,5.37069988250732,8,1
"254",5.77430009841919,165.348999023438,5.77430009841919,169.436294555664,2.63220000267029,11.0787000656128,26.5212993621826,27.7320003509521,4.01999998092651,15,1
"255",19.028299331665,149.951705932617,7.40570020675659,285.076690673828,3.57879996299744,10.5819997787476,26.1690006256104,27.363899230957,4.4109001159668,7,1
"256",6.36770009994507,168.082305908203,6.36770009994507,199.119598388672,2.86019992828369,10.8610000610352,28.7992992401123,30.7703990936279,4.48000001907349,15,1
"257",6.92600011825562,165.117294311523,6.92600011825562,212.105194091797,3.10459995269775,10.7670001983643,28.3087005615234,30.3789005279541,4.44129991531372,15,1
"258",89.8960037231445,83.4272994995117,7.01370000839233,211.07470703125,3.14669990539551,10.5629997253418,28.9083003997803,30.8449993133545,4.94579982757568,15,1
"259",57.9850006103516,115.158302307129,7.37729978561401,215.301803588867,3.27360010147095,10.6296997070312,28.9790000915527,30.9204006195068,5.00339984893799,8,1
"260",28.4699993133545,118.766700744629,19.4209995269775,250.999206542969,11.4558000564575,9.21700000762939,28.2696990966797,31.6882991790771,1.86909997463226,7,1
"261",5.7367000579834,169.826705932617,5.7367000579834,118.684799194336,2.46000003814697,12.8680000305176,31.3917007446289,33.6268005371094,1.85689997673035,15,1
"262",16.1877002716064,164.845703125,12.5853004455566,161.628601074219,5.25979995727539,13.7709999084473,30.104700088501,32.9353981018066,3.70740008354187,15,1
"263",128.676300048828,51.630298614502,12.0507001876831,161.845199584961,5.05770015716553,14.1106996536255,30.5230007171631,33.3005981445312,3.8561999797821,15,1
"264",0.528699994087219,171.707992553711,0.528699994087219,138.433197021484,2.77740001678467,11.9246997833252,25.1222991943359,24.8239002227783,6.84100008010864,15,1
"265",0.407700002193451,170.105697631836,0.407700002193451,141.555603027344,3.17170000076294,12.1156997680664,24.9169998168945,24.6506996154785,6.83279991149902,2,1
"266",0.129999995231628,171.913299560547,0.129999995231628,141.807998657227,3.6159999370575,12.2589998245239,24.8477001190186,24.5475997924805,6.72709989547729,15,1
"267",0.233300000429153,170.183303833008,0.233300000429153,142.013900756836,3.46320009231567,12.2137002944946,24.7900009155273,24.4894008636475,6.79860019683838,15,1
"268",0.500299990177155,175.393005371094,0.500299990177155,130.31379699707,2.53999996185303,12.2193002700806,25.0177001953125,24.7807998657227,5.60080003738403,15,1
"269",0.507000029087067,174.339706420898,0.507000029087067,129.157897949219,2.49559998512268,12.2847003936768,24.4817008972168,24.2124004364014,5.73479986190796,15,1
"270",0.471700012683868,174.74169921875,0.471700012683868,136.21110534668,2.74379992485046,12.06369972229,25.363000869751,25.0223999023438,6.48070001602173,15,1
"271",0.479999989271164,175.75,0.479999989271164,132.285995483398,2.5132999420166,12.1149997711182,25.2653007507324,24.9815998077393,5.98680019378662,15,1
"272",NA,NA,0.170699998736382,125.859100341797,3.26519989967346,16.4283008575439,34.3479995727539,32.7643013000488,4.15420007705688,15,1
"273",0.300700008869171,195.936004638672,0.300700008869171,189.159393310547,2.47790002822876,12.7620000839233,32.4230003356934,31.389799118042,3.40820002555847,15,1
"274",0.460700005292892,186.932693481445,0.460700005292892,75.2001037597656,1.06019997596741,17.9549999237061,27.4416999816895,26.8999996185303,9.3922004699707,5,1
"275",0.144299998879433,180.102294921875,0.144299998879433,163.618194580078,1.77180004119873,12.2453002929688,26.2800006866455,25.8099002838135,5.70989990234375,15,1
"276",0.120999999344349,180.325698852539,0.120999999344349,160.253997802734,1.72720003128052,12.2347002029419,26.1476993560791,25.6991004943848,5.64300012588501,15,1
"277",0.970000028610229,181.856704711914,0.970000028610229,238.914199829102,4.16440010070801,11.5500001907349,28.1956996917725,27.5179004669189,5.73000001907349,2,1
"278",0.336699992418289,193.856704711914,0.336699992418289,190.159194946289,2.55590009689331,12.2170000076294,32.6306991577148,31.57200050354,3.67190003395081,15,1
"279",NA,NA,NA,NA,NA,NA,NA,NA,NA,8,1
"280",0.665000021457672,182.331695556641,0.665000021457672,187.166107177734,4.0398998260498,13.9062995910645,26.4687004089355,25.2171993255615,5.8983998298645,2,1
"281",0.114000000059605,183.519302368164,0.114000000059605,112.318603515625,0.658900022506714,12.7650003433228,29.4172992706299,28.2604007720947,4.30819988250732,2,1
"282",2.55599999427795,185.957305908203,0.264699995517731,215.301803588867,3.27360010147095,11.3369998931885,32.0666999816895,30.9204006195068,5.00339984893799,8,1
"283",2.11529994010925,152.781295776367,2.11529994010925,130.31379699707,2.53999996185303,12.5966997146606,25.5400009155273,24.7807998657227,5.60080003738403,15,1
"284",1.85570001602173,152.594299316406,1.85570001602173,127.366096496582,2.36730003356934,12.6906995773315,24.5156993865967,24.051700592041,5.83720016479492,15,1
"285",2.50329995155334,153.403305053711,2.50329995155334,136.948104858398,2.82969999313354,13.0767002105713,26.2240009307861,24.9132995605469,6.49270009994507,15,1
"286",1.98300004005432,160.420303344727,1.98300004005432,245.485992431641,4.24860000610352,12.3039999008179,29.4542999267578,27.7378005981445,5.75400018692017,15,1
"287",1.52129995822906,168.33869934082,1.52129995822906,190.159194946289,2.55590009689331,12.1127004623413,32.3390007019043,31.57200050354,3.67190003395081,15,1
"288",0.287299990653992,160.712707519531,0.287299990653992,112.318603515625,0.658900022506714,12.7143001556396,28.7856998443604,28.2604007720947,4.30819988250732,2,1
"289",0.769699990749359,159.520294189453,0.769699990749359,153.087997436523,1.90659999847412,11.4917001724243,25.8962993621826,25.2560997009277,4.70410013198853,7,1
"290",5.9503002166748,116.026298522949,5.9503002166748,127.490303039551,2.15000009536743,11.7930002212524,26.3470001220703,26.2537002563477,4.54239988327026,15,1
"291",51.157299041748,27.7793006896973,66.0692977905273,233.11799621582,5.80819988250732,9.02070045471191,23.4493007659912,30.1177005767822,2.55259990692139,7,1
"292",19.7509994506836,0,177.961303710938,179.49870300293,3.21720004081726,2.32200002670288,12.3599996566772,31.0492000579834,2.54909992218018,8,1
