"","fvegHW90mask","bird90","mammal90","reptile90","aetmar_90m","cwdmar_90m","pptmar_90m","pptdjf_90m","pptjja_90m","tmnmar_90m","tmxmar_90m","tmxjja_90m","tmndjf_90m","longitude","latitude"
"1",15,189,47,17,74.1532974243164,2.62330007553101,95.0982971191406,113.610702514648,1.77530002593994,7.33930015563965,17.4207000732422,23.6702003479004,5.65899991989136,-185044.01966072,-30961.0194165003
"2",15,189,47,17,74.1532974243164,2.62330007553101,95.0982971191406,113.610702514648,1.77530002593994,7.33930015563965,17.4207000732422,23.6702003479004,5.65899991989136,-185018.603837028,-31006.0605807821
"3",7,188,48,17,70.9520034790039,6.84469985961914,123.522300720215,133.409805297852,2.5158998966217,7.48129987716675,16.1516990661621,25.0067005157471,6.31230020523071,-190427.007627436,-20309.6663465849
"4",7,188,48,17,70.9872970581055,6.76929998397827,125.035697937012,135.164901733398,2.66359996795654,7.58300018310547,16.149299621582,24.9720993041992,6.39580011367798,-190995.509746919,-20174.3397880085
"5",7,188,48,17,77.8399963378906,0.713299989700317,123.639701843262,134.029006958008,2.61879992485046,7.49130010604858,16.1030006408691,24.9797992706299,6.47440004348755,-191264.796363471,-20412.7947083255
"6",15,189,47,17,76.879997253418,0,90.882698059082,110.335403442383,1.71200001239777,7.58669996261597,17.4860000610352,23.5986003875732,5.81300020217896,-185111.540958372,-31226.3869362618
"7",5,192,47,16,70.4690017700195,6.56769990921021,88.6072998046875,115.477996826172,1.85909998416901,8.61600017547607,17.4223003387451,22.2527008056641,6.94379997253418,-197295.956817069,-18114.9393746168
"8",5,188,48,17,70.0439987182617,6.42269992828369,125.305000305176,137.682998657227,2.80660009384155,7.59870004653931,16.0196990966797,24.7465991973877,6.68240022659302,-192226.272917372,-18633.7669821572
"9",15,159,48,22,72.3980026245117,7.10200023651123,80.1763000488281,96.8919982910156,1.44609999656677,6.69530010223389,17.8857002258301,29.2296009063721,4.88800001144409,-166318.130007235,-42518.5948869288
"10",15,183,49,17,72.38330078125,5.94329977035522,88.9690017700195,106.632698059082,1.73780000209808,7.18499994277954,17.5673007965088,24.6175994873047,5.41890001296997,-178393.088991475,-41936.2629735111
"11",15,182,49,17,73.9329986572266,2.73370003700256,98.9057006835938,116.443000793457,1.9342999458313,6.78830003738403,17.059700012207,24.8183994293213,5.42980003356934,-178350.067573887,-40747.1019878048
"12",15,137,55,20,77.1350021362305,0,143.521697998047,157.707305908203,4.28620004653931,4.30030012130737,15.7093000411987,31.4783992767334,2.53320002555847,-49099.1969632514,28363.1670381292
"13",15,167,42,19,NA,NA,96.1060028076172,99.8088989257812,2.74499988555908,6.91230010986328,18.2240009307861,33.8101997375488,4.41529989242554,-75625.2817967467,30130.3304341529
"14",7,133,58,17,68.9322967529297,0,187.365997314453,194.489807128906,5.4556999206543,2.84870004653931,16.2966995239258,30.8628997802734,1.19719994068146,-43627.9471831584,47875.3613078441
"15",15,141,53,21,79.9953002929688,0.601000010967255,158.572296142578,166.123199462891,4.99340009689331,6.08300018310547,16.0783004760742,31.5601005554199,4.57969999313354,-57002.2598168782,42165.0039087553
"16",2,142,55,21,75.7873001098633,0,156.861297607422,164.4208984375,4.93499994277954,4.65630006790161,16.0016994476318,31.8910007476807,2.99090003967285,-55925.0855327338,45614.867289925
"17",15,168,42,19,69.5876998901367,11.5389995574951,95.507698059082,99.1050033569336,2.71709990501404,6.94299983978271,18.2362995147705,33.812801361084,4.44299983978271,-75429.0559662967,29228.0745033664
"18",15,174,50,17,68.7313003540039,5.13530015945435,188.759002685547,227.821197509766,7.17910003662109,6.9032998085022,16.7840003967285,32.665599822998,4.75279998779297,-138377.322670679,190047.650653322
"19",2,170,48,17,66.2873001098633,5.2923002243042,199.091705322266,241.548202514648,8.01459980010986,5.85069990158081,16.2716999053955,31.5818004608154,4.02510023117065,-150105.439642069,207407.461871458
"20",15,173,50,18,72.2266998291016,0,168.903305053711,194.39289855957,6.54040002822876,6.64569997787476,17.5352993011475,32.7186012268066,4.39989995956421,-124568.7184451,168215.603038653
"21",7,139,56,20,74.74169921875,0,152.445693969727,165.900100708008,4.79890012741089,4.13800001144409,15.7589998245239,31.2493991851807,2.43989992141724,-48632.4579892706,37898.4166796114
"22",11,135,56,20,73.5869979858398,0,150.721694946289,167.739105224609,4.84619998931885,3.34270000457764,15.9593000411987,30.9290008544922,1.46659994125366,-46258.2782239072,40571.6492188564
"23",15,166,42,18,72.911003112793,6.90899991989136,89.5246963500977,93.2508010864258,2.45040011405945,6.78170013427734,18.4533004760742,33.8744010925293,4.28859996795654,-76180.4406193719,25432.9677737351
"24",15,168,47,18,76.3040008544922,0,115.137001037598,120.557998657227,3.00430011749268,5.12270021438599,18.5333003997803,34.0620994567871,2.68099999427795,-63712.8066878276,32509.1569917938
"25",7,145,58,18,57.3876991271973,0,135.152297973633,249.325607299805,6.5391001701355,3.49530005455017,13.6549997329712,28.3486003875732,2.09310007095337,-233526.330342337,149735.27881042
"26",15,188,46,17,75.9800033569336,0,107.002700805664,136.063095092773,2.02559995651245,6.62200021743774,17.2126998901367,27.1487007141113,4.86420011520386,-189867.044897021,-8102.02461122815
"27",15,189,48,17,68.2669982910156,6.35970020294189,114.257301330566,135.623992919922,2.71160006523132,7.49770021438599,16.2322998046875,25.1986999511719,6.67990016937256,-197185.495577201,-10075.7089178674
"28",15,192,48,18,68.1346969604492,6.70529985427856,104.221000671387,129.292999267578,2.4909999370575,7.20800018310547,17.0002994537354,24.5832996368408,5.86509990692139,-198305.140266403,-9917.89243749809
"29",15,189,47,17,76.0073013305664,0.152700006961823,132.751998901367,141.807998657227,3.6159999370575,7.48299980163574,15.4689998626709,24.5475997924805,6.72709989547729,-195112.663235061,-12851.1224480169
"30",15,190,48,17,74.1066970825195,0,111.234298706055,134.20280456543,2.6149001121521,7.32270002365112,16.5177001953125,24.9491004943848,6.19619989395142,-197580.097708626,-11158.3172254134
"31",15,190,48,17,75.0066986083984,0,115.569297790527,136.21110534668,2.74379992485046,7.41029977798462,16.2339992523193,25.0223999023438,6.48070001602173,-197295.971064684,-11438.6040162891
"32",15,192,48,18,73.9432983398438,0,103.607696533203,129.157897949219,2.49559998512268,7.16099977493286,17.1599998474121,24.2124004364014,5.73479986190796,-198447.882203424,-10194.710316367
"33",15,192,48,18,73.9432983398438,0,103.607696533203,129.157897949219,2.49559998512268,7.16099977493286,17.1599998474121,24.2124004364014,5.73479986190796,-198459.672130701,-10136.6059647193
"34",4,195,48,18,68.4047012329102,6.93529987335205,101.431999206543,126.894798278809,2.33189988136292,7.22370004653931,17.2823009490967,23.7985992431641,5.7701997756958,-199181.564161154,-9140.81201261561
"35",15,199,49,17,74.5979995727539,1.07200002670288,94.2767028808594,118.796096801758,1.90429997444153,7.56330013275146,17.5657005310059,25.9458999633789,5.92509984970093,-202725.35737713,-4892.24739813013
"36",2,194,46,14,68.274299621582,6.76900005340576,80.5800018310547,106.14990234375,1.52300000190735,6.87470006942749,18.6119995117188,27.6161994934082,4.68499994277954,-194646.270395367,5688.43389023282
"37",15,191,46,15,76.4567031860352,0,84.2050018310547,110.173400878906,1.40840005874634,6.88570022583008,17.8619995117188,29.2574005126953,5.09019994735718,-186381.12775286,-4513.52280791011
"38",15,190,47,17,75.6212997436523,0.112000003457069,132.035003662109,141.698593139648,3.50959992408752,7.40000009536743,15.6443004608154,24.5879993438721,6.57019996643066,-195281.237285341,-12579.962528965
"39",15,138,56,22,70.4359970092773,0,157.545700073242,177.947601318359,6.94890022277832,4.02769994735718,15.9503002166748,31.6553993225098,2.09080004692078,-61634.5087275359,76802.9645249946
"40",7,125,56,17,63.1689987182617,0,207.115997314453,230.910598754883,8.19079971313477,1.48230004310608,15.0733003616333,30.3125991821289,0.20720000565052,-37891.3156156771,84584.8631677232
"41",15,125,56,17,58.515998840332,0,204.511001586914,226.979705810547,8.06789970397949,1.91600000858307,16.1797008514404,30.5757999420166,0.528599977493286,-41760.67127604,83325.3157274402
"42",9,171,48,19,NA,NA,115.409698486328,125.892997741699,3.26810002326965,6.46969985961914,18.0016994476318,32.782600402832,4.11770009994507,-90575.0547731789,84428.1259396523
"43",9,171,48,19,NA,NA,115.409698486328,125.892997741699,3.26810002326965,6.46969985961914,18.0016994476318,32.782600402832,4.11770009994507,-90594.4908428603,84397.2151866304
"44",15,172,49,19,76.2512969970703,0,126.34529876709,135.676605224609,3.27859997749329,6.05800008773804,17.7812995910645,32.6548004150391,3.77620005607605,-83234.7160098704,89985.1919068713
"45",15,170,49,19,75.9592971801758,0.825999975204468,126.250701904297,135.690002441406,3.30859994888306,6.04129981994629,17.7532997131348,32.6176986694336,3.75399994850159,-82073.3551466757,90239.1828859304
"46",15,170,51,19,77.4266967773438,0,125.65299987793,135.467193603516,3.31820011138916,6.18370008468628,17.7852993011475,32.6001014709473,3.83529996871948,-79960.4313312532,89084.5656953412
"47",15,169,50,19,75.6076965332031,0,127.460296630859,138.755004882812,3.50169992446899,6.02600002288818,17.68869972229,32.5638008117676,3.6686999797821,-77527.5623515081,87662.91816583
"48",7,133,57,21,69.2679977416992,0,208.246002197266,232.41520690918,7.59779977798462,3.53130006790161,14.6960000991821,30.8484001159668,2.43680000305176,-66508.0550291159,98166.0839958293
"49",8,139,57,22,70.7300033569336,1.06299996376038,170.270706176758,188.167098999023,6.19099998474121,3.88000011444092,16.0666999816895,31.4009990692139,1.98959994316101,-70913.8815839916,95489.6837840686
"50",15,166,47,19,73.9390029907227,3.00099992752075,107.299301147461,117.337196350098,3.23860001564026,6.82800006866455,17.9622993469238,32.7192993164062,4.2480001449585,-96440.535649736,83057.4733321723
"51",9,171,48,19,NA,NA,115.409698486328,125.892997741699,3.26810002326965,6.46969985961914,18.0016994476318,32.782600402832,4.11770009994507,-90579.4186585701,84425.9507830827
"52",15,171,49,19,NA,NA,115.314697265625,125.859100341797,3.26519989967346,6.53030014038086,18.0466995239258,32.7643013000488,4.15420007705688,-90966.2241282344,84454.673103366
"53",8,169,49,19,74.8526992797852,1.37070000171661,118.640998840332,129.523895263672,3.2846999168396,6.25099992752075,17.7817001342773,32.6509017944336,3.92309999465942,-90517.9201564463,84729.8515169406
"54",15,171,49,19,NA,NA,115.314697265625,125.859100341797,3.26519989967346,6.53030014038086,18.0466995239258,32.7643013000488,4.15420007705688,-90967.9598885304,84454.6922930088
"55",15,169,49,19,73.8187026977539,0.0303000006824732,118.176300048828,129.328994750977,3.28220009803772,6.17770004272461,17.7353000640869,32.6327018737793,3.84910011291504,-90421.1951955756,84448.665663932
"56",15,169,48,19,NA,NA,115.409698486328,125.892997741699,3.26810002326965,6.46969985961914,18.0016994476318,32.782600402832,4.11770009994507,-90628.9627409798,84340.9033275195
"57",15,148,52,18,61.4586982727051,0,173.156997680664,232.085693359375,8.62530040740967,4.52799987792969,15.9017000198364,30.5923004150391,3.34419989585876,-307450.852502629,245898.7619187
"58",2,151,57,15,61.1946983337402,0,209.77799987793,265.372192382812,10.5749998092651,4.67199993133545,15.2270002365112,27.6315994262695,3.69320011138916,-342786.899710359,265054.15341819
"59",7,161,56,15,62.5180015563965,0,225.378295898438,286.387084960938,12.3991003036499,4.60869979858398,15.7926998138428,27.402099609375,3.78099989891052,-340434.030351257,243021.034027214
"60",7,150,53,18,60.2402992248535,0,265.990295410156,342.552093505859,11.1866998672485,3.70000004768372,14.0939998626709,29.2283992767334,3.03279995918274,-312037.015877597,235925.97123419
"61",15,107,60,12,36.9059982299805,19.7947006225586,31.2952995300293,43.285099029541,8.82600021362305,-0.968999981880188,12.7306995391846,28.9853000640869,-2.95919990539551,152449.27977553,-135853.006660674
"62",15,158,54,27,55.8349990844727,28.5757007598877,56.682300567627,59.1142997741699,1.48230004310608,3.36470007896423,14.6133003234863,31.1795997619629,1.603600025177,99768.6922785838,-348935.612543595
"63",15,163,49,19,63.6946983337402,0.862999975681305,113.688697814941,152.966995239258,2.54320001602173,2.83170008659363,17.3637008666992,32.219799041748,0.891099989414215,-243347.741396523,114929.953181881
"64",15,150,55,19,54.4296989440918,0,166.837295532227,225.819702148438,5.52479982376099,0.968299984931946,17.0930004119873,32.524600982666,-0.784200012683868,-252576.783264342,162552.788036472
"65",15,163,49,19,63.6946983337402,0.862999975681305,113.688697814941,152.966995239258,2.54320001602173,2.83170008659363,17.3637008666992,32.219799041748,0.891099989414215,-243346.909708871,114928.81656218
"66",8,170,48,18,61.3353004455566,3.09470009803772,133.595001220703,178.975997924805,2.52570009231567,3.35170006752014,16.8593006134033,31.926399230957,1.70130002498627,-251645.629967454,105928.793699856
"67",7,163,48,19,65.7190017700195,0.232999995350838,197.489303588867,277.510711669922,5.36089992523193,4.50430011749268,14.4816999435425,30.4792003631592,3.40370011329651,-235573.543259975,94350.0243413714
"68",15,176,48,19,NA,NA,106.403999328613,148.592697143555,2.71399998664856,2.47399997711182,17.047700881958,31.8265991210938,0.446700006723404,-228380.890196292,103486.054138905
"69",9,178,48,19,NA,NA,115.128303527832,160.134796142578,2.4909999370575,2.82299995422363,17.4389991760254,32.9212989807129,0.953599989414215,-249491.486840242,117860.040841979
"70",15,165,50,18,66.6780014038086,0,105.05770111084,140.565200805664,2.44000005722046,3.06229996681213,17.7106990814209,32.6087989807129,1.00310003757477,-218296.290402306,110099.680436178
"71",15,147,48,17,71.8270034790039,0,85.8966979980469,114.802001953125,2.99429988861084,5.43830013275146,17.7252998352051,33.638801574707,3.62220001220703,-208857.184210272,112909.169429791
"72",15,150,55,19,54.5779991149902,0,168.976699829102,226.744400024414,5.52619981765747,0.962300002574921,16.88330078125,32.5284004211426,-0.768199980258942,-253086.717787503,162978.851218429
"73",15,150,55,19,54.3787002563477,0,167.582000732422,226.283294677734,5.53079986572266,0.982699990272522,16.9729995727539,32.5066986083984,-0.762000024318695,-252746.352442576,162301.225304306
"74",8,164,48,19,70.9203033447266,0.0293000005185604,170.433700561523,235.143203735352,4.25089979171753,4.61129999160767,15.2833003997803,29.9878997802734,3.478600025177,-239837.181868108,108520.750998146
"75",11,172,50,18,62.5126991271973,0,110.602699279785,149.509994506836,2.64019989967346,2.11730003356934,16.9283008575439,31.8278999328613,0.115599997341633,-224137.817943651,103873.908469416
"76",15,165,60,12,38.000301361084,0,63.8967018127441,63.7167015075684,9.84430027008057,-1.35669994354248,13.0586996078491,29.3707008361816,-4.4109001159668,-107533.413976278,334620.993359692
"77",8,151,56,29,86.6827011108398,26.7173004150391,102.323699951172,123.503898620605,4.21979999542236,7.97429990768433,20.4097003936768,30.4736995697021,7.00509977340698,182127.60250431,-424522.847748972
"78",8,151,56,29,86.6827011108398,26.7173004150391,102.323699951172,123.503898620605,4.21979999542236,7.97429990768433,20.4097003936768,30.4736995697021,7.00509977340698,182119.542858224,-424578.499688916
"79",15,154,56,29,77.6856994628906,18.2987003326416,125.674003601074,146.105392456055,3.04629993438721,5.44799995422363,16.3083000183105,29.3547992706299,4.31839990615845,170837.423818803,-415004.38398107
"80",15,187,50,21,68.0086975097656,44.5880012512207,77.1699981689453,101.393096923828,1.42620003223419,10.1877002716064,20.3236999511719,29.4085998535156,10.3008003234863,103499.153875415,-439393.095876948
"81",5,172,51,18,78.6169967651367,26.3729991912842,73.3403015136719,91.1722030639648,1.30190002918243,8.42000007629395,21.2553005218506,32.5196990966797,7.36880016326904,135792.296556005,-428072.015889751
"82",8,152,56,29,78.0906982421875,35.3292999267578,102.323303222656,122.471603393555,3.85759997367859,7.92530012130737,20.3892993927002,30.4559001922607,6.98040008544922,184590.329506064,-424573.255943161
"83",8,119,26,6,NA,NA,NA,NA,NA,NA,NA,NA,NA,155096.61451139,-516322.865891867
"84",8,119,26,6,64.3452987670898,37.9980010986328,53.7052993774414,66.8603973388672,0.591199994087219,9.94400024414062,18.7353000640869,23.4797992706299,9.46490001678467,154719.909966784,-518109.772633356
"85",8,119,26,6,65.4587020874023,37.4679985046387,55.5186996459961,68.1177978515625,0.686900019645691,9.7819995880127,18.5072994232178,24.0419006347656,9.76700019836426,154483.360207911,-518328.965935768
"86",7,141,53,29,50.0423011779785,46.8930015563965,47.826000213623,53.8903007507324,1.91659998893738,3.57399988174438,18.6690006256104,32.7863006591797,1.90240001678467,167142.670318113,-395807.94322899
"87",3,142,53,28,49.1586990356445,45.4179992675781,40.8559989929199,44.8490982055664,1.76279997825623,3.75530004501343,18.121000289917,32.1593017578125,1.80719995498657,171679.075979459,-391888.075819311
"88",11,187,50,21,80.1013031005859,26.7553005218506,68.8653030395508,88.3572006225586,0.630699992179871,10.1243000030518,20.801700592041,31.2558994293213,9.70300006866455,101432.975045093,-429373.69901256
"89",15,163,53,19,75.5650024414062,35.99169921875,83.064697265625,100.843299865723,2.22029995918274,7.7519998550415,21.07200050354,31.1802997589111,6.01980018615723,203318.061619651,-429466.810151517
"90",5,169,58,26,81.6502990722656,29.8430004119873,69.9037017822266,83.8721008300781,1.6168999671936,8.30930042266846,21.4873008728027,33.2533988952637,6.58319997787476,233114.433665833,-434730.72051726
"91",15,160,50,19,74.4852981567383,31.0813007354736,79.1436996459961,89.9518966674805,1.48269999027252,9.53299999237061,21.4393005371094,30.1942005157471,8.05529975891113,158340.201055137,-430210.929798092
"92",8,157,51,25,67.1952972412109,28.762300491333,83.3482971191406,111.745697021484,1.20990002155304,5.26669979095459,17.1583003997803,31.1662998199463,3.59570002555847,99447.8761578564,-392291.848003378
"93",8,203,52,15,74.7617034912109,4.09499979019165,124.127998352051,171.392196655273,3.36069989204407,7.50629997253418,16.6310005187988,20.2029991149902,6.53200006484985,-222334.043762546,-16350.01459513
"94",2,199,54,15,76.6532974243164,0,101.429000854492,177.437698364258,3.41210007667542,7.76200008392334,17.1509990692139,21.7777996063232,6.63670015335083,-238058.284707139,-4064.63000582531
"95",2,197,52,15,66.7527008056641,8.29730033874512,165.265701293945,238.914199829102,4.16440010070801,6.34770011901855,17.0837001800537,27.5179004669189,5.73000001907349,-229845.938670892,-2793.64923006808
"96",15,167,50,17,85.0169982910156,0.0370000004768372,100.889701843262,105.224296569824,3.20000004768372,5.11770009994507,17.1490001678467,33.4967994689941,2.80069994926453,-291.596150575936,-64817.08482474
"97",15,128,63,17,77.9400024414062,0,143.445007324219,160.159606933594,4.25559997558594,4.03800010681152,16.3582992553711,33.6526985168457,2.19939994812012,19553.0153621354,-37703.2644403498
"98",7,124,62,17,60.7519989013672,0,146.960006713867,184.942092895508,4.78980016708374,0.762000024318695,13.6343002319336,28.7973003387451,-0.523599982261658,28436.1263018946,-52107.1330923541
"99",15,167,50,22,74.1169967651367,7.90299987792969,98.628303527832,111.391799926758,0.719600021839142,3.34929990768433,19.5580005645752,33.6363983154297,1.99430000782013,-133333.106345349,-196848.453136428
"100",15,144,47,23,75.0970001220703,1.54970002174377,121.774299621582,137.136901855469,2.53500008583069,3.46329998970032,15.144700050354,26.4619998931885,2.72399997711182,-134134.10715567,-138912.406371937
"101",8,156,52,18,62.7196998596191,5.7133002281189,157.76530456543,225.546005249023,4.01429986953735,5.23000001907349,14.8330001831055,28.5624008178711,4.16260004043579,-257652.653834205,102755.75519202
"102",7,173,46,17,74.2266998291016,0,143.010696411133,197.837997436523,2.87080001831055,6.0019998550415,18.3269996643066,31.2721996307373,4.17530012130737,-220173.635866645,62103.48175987
"103",8,156,52,18,62.7196998596191,5.7133002281189,157.76530456543,225.546005249023,4.01429986953735,5.23000001907349,14.8330001831055,28.5624008178711,4.16260004043579,-257655.978173333,102760.307649512
"104",15,171,46,17,75.081298828125,0,131.905700683594,185.093597412109,2.20679998397827,5.55700016021729,18.8673000335693,31.3304004669189,3.51999998092651,-218344.27020703,61006.2684907722
"105",11,171,46,17,75.7627029418945,0,131.410293579102,185.05940246582,2.20930004119873,5.52299976348877,18.9440002441406,31.3736000061035,3.50880002975464,-218366.968351471,61465.0056076138
"106",15,161,45,17,73.1647033691406,0,107.082702636719,144.491394042969,1.7175999879837,4.79530000686646,18.2759990692139,32.5928993225098,2.86389994621277,-186942.43603126,55144.9434704632
"107",5,173,45,15,77.11669921875,0,96.0989990234375,138.27360534668,1.73000001907349,6.16200017929077,18.9827003479004,28.3572998046875,4.33580017089844,-199730.712387456,33661.3360373927
"108",15,173,46,17,74.1699981689453,0,136.789306640625,190.890106201172,2.59879994392395,5.60069990158081,18.7467002868652,31.5890007019043,3.71760010719299,-219943.330218371,62118.4668176747
"109",7,172,46,17,74.3649978637695,0,133.34700012207,186.8876953125,2.49020004272461,5.39569997787476,19.0160007476807,31.6382007598877,3.46770000457764,-219516.746846563,62440.7011794518
"110",7,177,45,18,69.8526992797852,0,177.790298461914,239.759704589844,4.76940011978149,5.00899982452393,15.548999786377,28.0876007080078,3.92969989776611,-225970.637471721,73834.9780327501
"111",7,174,47,18,73.2156982421875,0,144.039001464844,198.649398803711,3.04809999465942,4.93930006027222,16.2110004425049,29.3383007049561,3.92000007629395,-212578.63082879,63370.9741489333
"112",15,170,48,19,75.1269989013672,0,141.61669921875,160.720794677734,5.47200012207031,5.8882999420166,18.6716995239258,34.2291984558105,3.67510008811951,-102960.959589121,142396.16537814
"113",15,142,56,22,67.3963012695312,0,188.307693481445,210.918106079102,6.59619998931885,4.58529996871948,16.9983005523682,32.82080078125,2.69219994544983,-94380.2363864714,142370.33635597
"114",15,132,57,20,63.7299995422363,0,219.770294189453,254.240097045898,7.76200008392334,2.9407000541687,16.4253005981445,31.5750999450684,1.00119996070862,-85008.6362573797,146468.428257254
"115",9,169,48,19,75.0419998168945,0,141.669006347656,160.768798828125,5.4717001914978,5.89499998092651,18.682300567627,34.2430992126465,3.68199992179871,-102744.968658081,142574.160929957
"116",7,124,58,20,55.1829986572266,0,236.169296264648,271.951110839844,8.59259986877441,1.19930005073547,13.9980001449585,29.5261993408203,-0.294800013303757,-79086.905889492,150498.667890671
"117",7,140,56,22,63.2167015075684,0,214.10400390625,244.929901123047,7.16309976577759,2.62069988250732,14.6323003768921,29.6618003845215,0.683200001716614,-90275.4435677586,132420.19785158
"118",2,168,48,19,75.9152984619141,0,144.928695678711,164.326705932617,5.625,5.77869987487793,18.5139999389648,34.0509986877441,3.57100009918213,-102744.921144844,142577.939110746
"119",11,167,33,10,74.0102996826172,0.146300002932549,61.0750007629395,84.1229019165039,2.6793999671936,6.49469995498657,19.3939990997314,33.5882987976074,3.77500009536743,-181673.434458247,134557.200896267
"120",5,191,54,24,56.1160011291504,52.3973007202148,45.0579986572266,55.0220985412598,1.03620004653931,9.52200031280518,19.7873001098633,24.2959995269775,7.93340015411377,202528.610127484,-492132.636478003
"121",8,193,54,26,63.0349998474121,46.5182991027832,61.7120018005371,64.8732986450195,1.76789999008179,8.95330047607422,19.8010005950928,25.724100112915,7.75540018081665,234202.021707202,-516807.272633051
"122",2,191,54,24,57.4900016784668,50.3800010681152,46.3362998962402,56.3202018737793,1.02530002593994,9.19900035858154,20.1380004882812,25.4367008209229,7.86159992218018,202757.872908671,-492299.469569618
"123",15,140,54,22,71.0896987915039,0,150.651000976562,162.921005249023,4.5366997718811,4.86600017547607,16.628999710083,31.5083999633789,2.86339998245239,-82822.3410939433,107380.004979067
"124",15,143,52,22,69.2953033447266,7.57800006866455,139.628997802734,150.158401489258,3.89580011367798,6.43200016021729,17.676700592041,32.989200592041,3.92899990081787,-89748.7414037166,100629.12626164
"125",7,143,52,22,77.3767013549805,0,140.130294799805,150.412994384766,3.94199991226196,6.26100015640259,17.5907001495361,32.8520011901855,3.79570007324219,-89958.1780849251,100884.850481407
"126",7,141,54,22,73.1220016479492,0,141.093307495117,152.250900268555,4.01070022583008,5.17729997634888,16.6912994384766,31.7236003875732,2.84980010986328,-86099.1902670968,103266.633053308
"127",5,161,61,33,80.3016967773438,29.2700004577637,69.6567001342773,77.2684020996094,4.93860006332397,5.68569993972778,20.3297004699707,34.2029991149902,4.25790023803711,288831.909601077,-449726.779072289
"128",15,152,58,37,76.0879974365234,17.4067001342773,84.0542984008789,89.6223983764648,9.31770038604736,3.14630007743835,17.7987003326416,31.8612995147705,2.06410002708435,291426.053738256,-458185.536206844
"129",15,170,55,31,72.109001159668,37.9177017211914,59.3997001647949,83.4700012207031,2.28889989852905,8.45269966125488,19.3209991455078,31.5531997680664,7.44509983062744,253024.160286554,-494203.448071509
"130",8,172,55,31,51.2352981567383,54.9080009460449,49.910701751709,66.8876037597656,1.18879997730255,6.80569982528687,20.9073009490967,34.5822982788086,5.49529981613159,241351.308423121,-479329.350850233
"131",8,177,55,30,60.7462997436523,49.1603012084961,48.8553009033203,65.6146011352539,1.94179999828339,7.36829996109009,21.2686996459961,33.0518989562988,5.91079998016357,231413.61584401,-461260.967179749
"132",15,170,55,31,72.7639999389648,36.5559997558594,59.3013000488281,83.5419998168945,2.26640009880066,8.41030025482178,19.3810005187988,31.6529006958008,7.417799949646,253265.843665217,-494590.222777359
"133",15,170,55,31,58.4679985046387,50.5387001037598,53.4560012817383,76.8227996826172,2.23699998855591,7.91099977493286,19.6700000762939,32.1189002990723,6.92799997329712,253399.373633198,-492445.845245713
"134",8,153,55,32,67.2740020751953,13.4610004425049,67.7833023071289,74.5466995239258,11.9054002761841,1.61269998550415,15.3427000045776,30.2140007019043,0.542599976062775,313244.093947241,-482010.961938059
"135",5,152,55,32,66.7146987915039,17.0837001800537,64.5167007446289,70.5056991577148,11.5736999511719,1.84270000457764,15.4289999008179,30.4127998352051,0.770699977874756,313608.952557281,-483176.075139104
"136",15,167,39,14,78.1066970825195,0,96.2983016967773,109.999298095703,2.67779994010925,7.20970010757446,18.5592994689941,33.2672004699707,4.55569982528687,-103199.851483241,71004.8270349354
"137",2,168,38,14,79.0932998657227,0,94.6480026245117,107.957397460938,2.70840001106262,7.19899988174438,18.5897006988525,33.2294006347656,4.55389976501465,-105312.849076574,70950.1829794082
"138",15,145,47,23,70.314697265625,5.97130012512207,121.994003295898,136.669006347656,2.5090000629425,3.70429992675781,15.3292999267578,26.4456005096436,2.95589995384216,-134059.544451036,-138602.008409375
"139",15,146,47,23,74.7693023681641,1.57829999923706,122.746696472168,136.555297851562,2.48699998855591,3.93729996681213,15.4923000335693,26.4491004943848,3.16389989852905,-133898.738363813,-138486.617058243
"140",8,165,58,26,96.7313003540039,16.6653003692627,108.098297119141,129.336196899414,2.73300004005432,7.47100019454956,19.6317005157471,31.2154006958008,6.6729998588562,217745.383532476,-425594.370571817
"141",5,162,57,26,87.6043014526367,24.2357006072998,167.004699707031,189.243301391602,3.88339996337891,6.80970001220703,18.8612995147705,31.922399520874,6.00229978561401,237976.235535332,-416631.766223236
"142",5,168,56,27,79.2863006591797,28.2303009033203,71.1232986450195,88.6163024902344,1.37339997291565,8.13469982147217,21.3677005767822,31.3668003082275,6.48330020904541,212331.114665258,-448585.795232052
"143",15,154,60,24,54.831298828125,1.3967000246048,113.074996948242,135.537292480469,10.4903001785278,-1.28670001029968,12.7976999282837,26.7269992828369,-2.9054000377655,284878.916123357,-431825.965621327
"144",9,150,55,29,81.293701171875,24.7329998016357,152.25830078125,183.319595336914,3.39939999580383,6.60300016403198,19.3589992523193,31.8894004821777,5.98710012435913,233203.643852661,-418228.960780072
"145",8,146,53,28,83.0490036010742,4.0132999420166,221.141998291016,249.289596557617,4.7681999206543,2.28399991989136,15.3633003234863,28.8997001647949,0.770699977874756,226473.857762916,-415073.030350792
"146",2,160,57,33,55.1432991027832,9.70829963684082,134.391998291016,123.771697998047,13.7011003494263,0.644699990749359,12.9207000732422,27.4288997650146,-1.10440003871918,325124.962532233,-553722.780087076
"147",7,162,56,33,82.1626968383789,0.824999988079071,133.111297607422,124.471801757812,10.4706001281738,1.95500004291534,14.5876998901367,28.8572998046875,0.6564000248909,321337.486613335,-557740.649239191
"148",15,170,56,30,55.1730003356934,50.690299987793,56.4933013916016,71.0622024536133,1.43840003013611,7.92700004577637,20.3997001647949,27.5795993804932,6.44789981842041,248904.202494503,-505083.643042874
"149",8,182,56,28,66.8332977294922,38.1733016967773,55.6693000793457,64.6266021728516,1.34280002117157,7.98530006408691,20.3840007781982,26.8071994781494,5.99209976196289,248637.035130084,-520393.007509163
"150",15,158,56,34,64.2173004150391,18.6723003387451,107.697700500488,102.591796875,8.21560001373291,1.6143000125885,16.5930004119873,30.2259998321533,0.864000022411346,324004.080831904,-569331.890226729
"151",15,152,46,24,57.0273017883301,18.5527000427246,59.5460014343262,72.495002746582,1.96159994602203,7.21500015258789,16.6089992523193,30.1457004547119,5.6181001663208,-139988.204185171,-42145.1178080835
"152",2,166,37,14,79.7006988525391,0.78930002450943,87.7990036010742,92.1184005737305,2.09980010986328,6.52430009841919,18.887300491333,33.9199981689453,3.9918999671936,-80882.922204938,22809.4481277862
"153",2,146,44,24,61.1992988586426,17.0272998809814,32.2309989929199,56.7877998352051,1.47679996490479,5.97429990768433,18.1480007171631,30.6679992675781,3.94099998474121,-131454.402483104,-42628.4018753883
"154",2,151,46,24,66.5017013549805,10.0183000564575,44.7843017578125,61.9627990722656,1.79869997501373,7.0922999382019,17.0727005004883,30.7982006072998,5.54169988632202,-136866.47770407,-42135.4682190805
"155",5,187,52,18,87.7429962158203,1.14370000362396,85.1460037231445,118.434196472168,0.990899980068207,6.89429998397827,17.6196994781494,19.0401000976562,5.77869987487793,-97886.2981833408,-271994.891577492
"156",7,187,50,19,75.4437026977539,0.583000004291534,140.70329284668,183.801605224609,2.56769990921021,5.80830001831055,17.4587001800537,28.5711994171143,4.95459985733032,-202403.407772052,-61737.8503379347
"157",15,191,49,18,78.1466979980469,0,90.8877029418945,114.156700134277,1.49989998340607,6.7020001411438,18.7313003540039,27.256799697876,4.91709995269775,-201353.36516652,-57990.8365753163
"158",15,195,51,19,75.3629989624023,0.730300009250641,106.459701538086,135.307205200195,1.69700002670288,5.77600002288818,18.5030002593994,29.1942005157471,4.91209983825684,-201465.700134199,-58327.0600784356
"159",15,194,51,19,75.5323028564453,0.73769998550415,108.287696838379,137.554901123047,1.77009999752045,5.69129991531372,18.4337005615234,29.1979007720947,4.92600011825562,-201734.175743792,-58572.4541646256
"160",15,184,50,20,77.7746963500977,0.702000021934509,152.343002319336,189.613204956055,2.36779999732971,5.79169988632202,18.2063007354736,29.0184001922607,4.42589998245239,-199263.518336759,-66841.3778114198
"161",4,189,47,19,72.904296875,1.80569994449615,116.346702575684,154.133407592773,3.31640005111694,7.58470010757446,15.7119998931885,20.2509994506836,6.95510005950928,-220547.913069914,-49291.9578821384
"162",2,188,50,20,79.2266998291016,0,115.938301086426,148.251205444336,1.7548999786377,5.44229984283447,19.3803005218506,30.1466007232666,3.667799949646,-198157.901952919,-65505.6901046424
"163",15,197,51,19,67.7036972045898,10.6662998199463,98.8332977294922,122.668899536133,1.58120000362396,6.1616997718811,18.3419990539551,27.9004001617432,5.07779979705811,-202356.642799813,-57383.4164133957
"164",15,184,50,20,78.015998840332,0.71069997549057,157.285003662109,197.274002075195,2.5485999584198,5.90000009536743,17.6620006561279,28.496000289917,4.76119995117188,-199395.61120291,-67130.1209816807
"165",15,182,50,20,76.220703125,0.635999977588654,149.714996337891,185.331604003906,3.02489995956421,5.82030010223389,17.2740001678467,28.1569004058838,5.11030006408691,-197570.23456358,-70415.2047836594
"166",15,180,47,19,71.0149993896484,30.1217002868652,91.4773025512695,99.4030990600586,1.08120000362396,7.46829986572266,18.9423007965088,23.5552005767822,6.00269985198975,-21759.8233286805,-391995.57953049
"167",15,182,49,21,77.6999969482422,0,106.975303649902,139.104293823242,1.76900005340576,5.4653000831604,18.5037002563477,28.6741008758545,4.76389980316162,-183850.684774086,-79377.7693866356
"168",15,147,46,24,69.8290023803711,6.38170003890991,89.6112976074219,117.584197998047,1.0654000043869,5.75769996643066,14.706000328064,29.364200592041,4.83059978485107,-129179.884444367,-97995.9272231651
"169",2,148,46,25,73.5979995727539,4.73530006408691,99.0987014770508,111.055198669434,1.94439995288849,5.61429977416992,16.8983001708984,25.4169998168945,4.80089998245239,-148281.446702917,-82177.307233741
"170",15,147,46,24,76.5796966552734,0.731299996376038,97.9929962158203,118.802001953125,1.21630001068115,4.53770017623901,17.7450008392334,29.7751007080078,3.12890005111694,-130008.232628678,-103425.55904525
"171",15,147,46,24,76.8470001220703,0.794700026512146,97.9329986572266,118.393898010254,1.27769994735718,4.48999977111816,17.7749996185303,29.796199798584,3.1110999584198,-129689.810937373,-103735.564779539
"172",15,151,47,22,73.5447006225586,3.46970009803772,101.568000793457,113.40470123291,2.18860006332397,6.35330009460449,15.3756999969482,26.1100006103516,5.2536997795105,-150774.92013749,-74512.6699342206
"173",2,151,47,22,76.9132995605469,0,103.890701293945,114.96900177002,2.26729989051819,6.73999977111816,15.7980003356934,26.4659004211426,5.66890001296997,-151017.211827449,-75682.3700449155
"174",2,149,45,25,80.879997253418,0.0992999970912933,83.9233016967773,112.318603515625,0.658900022506714,5.63770008087158,18.1420001983643,28.2604007720947,4.30819988250732,-141931.838907426,-93305.3188479813
"175",8,183,49,20,68.6486968994141,7.93800020217896,175.996002197266,222.562896728516,4.2898998260498,6.16599988937378,15.483699798584,26.2656002044678,5.7632999420166,-188220.6338533,-85331.5435100896
"176",15,182,49,20,67.7276992797852,8.88799953460693,152.298706054688,188.256805419922,3.75399994850159,5.88770008087158,13.8326997756958,25.1147994995117,5.86210012435913,-190696.885304916,-76306.4776089946
"177",7,186,49,18,83.4253005981445,0.00130000000353903,123.462997436523,153.087997436523,1.90659999847412,5.8617000579834,18.5832996368408,25.2560997009277,4.70410013198853,-170871.144056425,-110504.729191934
"178",7,188,47,19,78.0233001708984,0,175.993698120117,225.087799072266,4.65719985961914,5.74429988861084,17.3003005981445,24.7101993560791,4.94269990921021,-192850.632490955,-106149.854430538
"179",7,186,50,19,81.5733032226562,0,144.155700683594,193.199905395508,2.37930011749268,5.84700012207031,18.6723003387451,24.2980003356934,4.2810001373291,-181897.779979238,-110329.41491115
"180",5,186,48,18,82.9700012207031,0,113.223297119141,148.207992553711,2.28430008888245,6.70329999923706,18.1977005004883,22.5998992919922,5.21000003814697,-177786.328228457,-112490.679785235
"181",7,186,49,18,81.7387008666992,0.614700019359589,118.387702941895,142.675201416016,1.68840003013611,5.8863000869751,18.4629993438721,24.8372993469238,4.62680006027222,-169092.358660967,-110977.548840331
"182",8,186,49,19,82.9633026123047,0,180.886306762695,235.976593017578,2.87890005111694,6.00670003890991,17.8549995422363,26.5382995605469,5.37069988250732,-184695.4221574,-109012.188813489
"183",7,187,50,20,80.7242965698242,0.0822999998927116,131.451705932617,160.869705200195,1.9157999753952,5.60099983215332,18.4283008575439,25.9438991546631,4.56199979782104,-169263.406363473,-109670.011721519
"184",7,186,49,18,81.7387008666992,0.614700019359589,118.387702941895,142.675201416016,1.68840003013611,5.8863000869751,18.4629993438721,24.8372993469238,4.62680006027222,-169160.057027727,-111161.854218094
"185",7,182,49,21,70.0827026367188,0.31029999256134,194.371002197266,239.28759765625,3.99580001831055,4.95930004119873,14.0216999053955,24.770299911499,5.81899976730347,-185667.231479241,-84750.1694450458
"186",7,189,48,19,77.0019989013672,0,310.511993408203,358.373107910156,3.88980007171631,5.24930000305176,14.3826999664307,26.4958992004395,6.22319984436035,-190503.583867903,-100905.69437744
"187",7,156,59,20,65.4727020263672,0,279.374694824219,304.123107910156,13.2040996551514,5.03970003128052,17.4927005767822,33.1967010498047,2.68129992485046,-195919.527819718,311728.903099314
"188",15,141,61,18,44.6217002868652,0,140.014297485352,163.586700439453,6.7318000793457,0.64630001783371,14.3172998428345,30.6940002441406,-1.18700003623962,-251499.359227583,263569.834128076
"189",7,154,61,20,65.2057037353516,0,280.240692138672,314.630401611328,16.494800567627,4.44630002975464,17.3313007354736,33.2207984924316,2.24000000953674,-188691.268171085,319822.159041665
"190",15,155,59,19,57.9020004272461,4.42000007629395,197.47770690918,234.386795043945,12.5836000442505,3.44169998168945,16.9146995544434,33.8558006286621,1.37689995765686,-222178.8024513,296126.340103734
"191",7,149,60,20,54.2690010070801,0.112300001084805,300.924987792969,294.579895019531,14.6426000595093,3.46269989013672,15.8966999053955,32.3205986022949,1.74179995059967,-202789.825089249,333028.636539228
"192",7,154,61,20,65.7649993896484,0,274.857696533203,309.893798828125,15.487099647522,4.46299982070923,17.3693008422852,33.2537994384766,2.07480001449585,-189961.075792219,319383.658933138
"193",11,147,43,16,66.3150024414062,0.270999997854233,101.456001281738,130.741806030273,8.00259971618652,5.59100008010864,18.3752994537354,34.3535995483398,2.86389994621277,-190222.13799401,270649.918003414
"194",15,153,46,16,67.2799987792969,0,150.059295654297,187.11360168457,9.7750997543335,6.23129987716675,18.9563007354736,35.5134010314941,3.4899001121521,-201474.82116045,289070.750497432
"195",15,146,44,16,66.576301574707,0.34400001168251,115.062698364258,146.819396972656,9.20139980316162,5.82870006561279,18.4536991119385,34.709400177002,3.03559994697571,-195782.596441338,271643.14959508
"196",15,148,60,20,59.6147003173828,0.63400000333786,301.352294921875,289.859985351562,14.3107995986938,3.99799990653992,16.3339996337891,32.3620986938477,2.19409990310669,-203098.46091739,333708.208224813
"197",8,150,54,20,62.9370002746582,4.01300001144409,157.210006713867,203.537399291992,10.9092998504639,6.16429996490479,18.7280006408691,34.826099395752,3.57480001449585,-206953.324762818,290505.280722857
"198",15,153,65,15,43.9446983337402,0.150999993085861,61.3376998901367,65.71240234375,8.95619964599609,-0.708000004291534,14.476300239563,30.9841995239258,-3.36420011520386,-127185.810026408,331181.421302892
"199",15,148,60,20,59.6147003173828,0.63400000333786,301.352294921875,289.859985351562,14.3107995986938,3.99799990653992,16.3339996337891,32.3620986938477,2.19409990310669,-203102.668867098,333708.315335725
"200",15,149,62,20,60.3582992553711,0,299.192687988281,320.484191894531,17.0112991333008,3.65000009536743,16.9277000427246,33.1212997436523,1.81760001182556,-189296.886880595,327093.510196298
"201",7,124,57,19,60.2713012695312,0,230.192993164062,275.364288330078,9.10490036010742,2.16199994087219,16.2602996826172,31.2931995391846,0.271800011396408,-84496.007266866,166822.292899623
"202",7,119,56,18,57.6790008544922,0,238.981704711914,274.712585449219,10.5642004013062,0.864700019359589,15.3156995773315,30.3967990875244,-0.776400029659271,-78391.542707594,169872.736244007
"203",8,140,64,17,43.6803016662598,0,49.1232986450195,84.2328033447266,13.5685997009277,0.0769999995827675,14.8819999694824,31.1793994903564,-1.94130003452301,-221315.476878162,426575.054714264
"204",15,170,35,12,78.0500030517578,0,90.3290023803711,130.288192749023,1.44969999790192,6.74030017852783,19.4750003814697,34.2081985473633,3.76099991798401,-176752.879886,54876.0780338203
"205",15,172,46,15,66.1989974975586,13.2842998504639,86.5299987792969,120.528602600098,1.6816999912262,6.61929988861084,19.1103000640869,31.9547996520996,4.21780014038086,-186414.503753799,27904.8198166913
"206",15,174,46,15,72.565299987793,1.72469997406006,122.382301330566,169.436294555664,2.63220000267029,5.80130004882812,18.5646991729736,27.7320003509521,4.01999998092651,-231239.015365265,51217.9817742268
"207",15,175,45,15,76.1507034301758,0.532700002193451,116.354698181152,163.237594604492,2.36019992828369,5.41569995880127,18.9633007049561,29.8983001708984,3.55640006065369,-219950.722328108,40223.2757721394
"208",15,177,45,15,74.746696472168,0,145.00129699707,202.842407226562,3.02369999885559,6.10430002212524,17.7700004577637,30.7992992401123,4.66400003433228,-221853.209574503,39284.3713840563
"209",15,142,45,24,70.5913009643555,4.22469997406006,66.4390029907227,73.4430999755859,0.995999991893768,4.92500019073486,17.36669921875,32.3238983154297,3.44970011711121,-121152.623360915,-65375.1702999366
"210",15,147,46,25,71.0672988891602,5.22130012512207,66.3440017700195,73.2786026000977,0.997200012207031,4.60769987106323,17.6420001983643,32.5127983093262,2.94039988517761,-122059.415961833,-65128.5404375214
"211",15,147,46,25,71.0640029907227,5.22130012512207,66.3440017700195,73.2786026000977,0.997099995613098,4.60400009155273,17.6420001983643,32.5127983093262,2.93910002708435,-122094.76226272,-65128.0253906571
"212",15,142,45,24,70.5913009643555,4.22469997406006,66.4390029907227,73.4430999755859,0.995999991893768,4.92500019073486,17.36669921875,32.3238983154297,3.44970011711121,-121178.973099022,-65363.671720827
"213",7,146,63,19,40.6360015869141,0,132.995697021484,172.917999267578,8.99730014801025,-0.275000005960464,13.305700302124,30.2329998016357,-1.77939999103546,-258468.826628348,288925.863264087
"214",15,138,64,18,57.7490005493164,0,119.996696472168,166.388397216797,9.55329990386963,2.32100009918213,17.0109996795654,33.0878982543945,0.798600018024445,-264105.585537339,310660.323789977
"215",7,156,59,19,48.2402992248535,0,125.232696533203,167.823699951172,9.26220035552979,0.439000010490417,14.673999786377,31.3003005981445,-1.10409998893738,-240498.283720222,318557.825647391
"216",9,155,59,19,NA,NA,122.987297058105,164.323593139648,8.62390041351318,0.604700028896332,14.4849996566772,31.1606998443604,-0.907999992370605,-237155.898699407,318456.861054095
"217",7,155,59,19,43.5736999511719,0,147.50830078125,181.879592895508,10.7833995819092,0.244299992918968,13.3247003555298,30.1014003753662,-1.36310005187988,-244397.004938997,315035.452571708
"218",15,139,64,18,58.4572982788086,0,120.200996398926,166.515396118164,9.54710006713867,2.32100009918213,17.0109996795654,33.0878982543945,0.799300014972687,-264324.309923736,310996.334268452
"219",15,160,60,19,NA,NA,113.131301879883,154.165603637695,8.76529979705811,1.51030004024506,14.8393001556396,31.8661003112793,0.0342000015079975,-233902.211306252,311193.226027808
"220",7,161,60,19,54.7400016784668,0,108.231002807617,145.022705078125,9.77490043640137,1.39600002765656,15.430700302124,31.9141998291016,0.058899998664856,-237129.570269817,306808.918498243
"221",9,159,60,19,NA,NA,107.348701477051,143.992004394531,9.86559963226318,1.54030001163483,15.6386995315552,32.103401184082,0.155399993062019,-237196.777682312,305224.842457209
"222",7,156,59,19,45.9469985961914,0.724699974060059,127.052696228027,168.714996337891,9.3568000793457,0.38400000333786,14.6090002059937,31.2863006591797,-1.1793999671936,-241050.958844697,318365.680672805
"223",7,156,59,19,48.2402992248535,0,125.232696533203,167.823699951172,9.26220035552979,0.439000010490417,14.673999786377,31.3003005981445,-1.10409998893738,-240451.932927768,318527.556093344
"224",15,151,60,19,51.3953018188477,0,114.851997375488,156.463806152344,10.2192001342773,1.25569999217987,15.7049999237061,31.9183006286621,0.0082999998703599,-247722.477345719,289782.21346786
"225",7,148,62,19,39.9739990234375,0,136.945693969727,176.453201293945,9.66689968109131,0.297300010919571,12.2447004318237,29.1154003143311,-0.967000007629395,-254734.586147135,290789.429049823
"226",7,139,59,18,41.0536994934082,0,230.615997314453,327.814605712891,12.6300001144409,-0.0746999979019165,11.2170000076294,27.3127002716064,-0.544799983501434,-274856.878153281,264495.817747383
"227",7,156,59,19,46.6707000732422,0,127.04630279541,168.717803955078,9.35669994354248,0.382999986410141,14.6106996536255,31.2863006591797,-1.17980003356934,-241204.307510562,318458.042745852
"228",15,161,60,19,55.5416984558105,0,106.680297851562,144.835296630859,10.2681999206543,1.71770000457764,15.8556995391846,32.1902008056641,0.394300013780594,-236954.056152931,303971.447179287
"229",7,156,59,19,48.2402992248535,0,125.232696533203,167.823699951172,9.26220035552979,0.439000010490417,14.673999786377,31.3003005981445,-1.10409998893738,-240452.017323596,318580.866792067
"230",7,156,59,19,48.2402992248535,0,125.232696533203,167.823699951172,9.26220035552979,0.439000010490417,14.673999786377,31.3003005981445,-1.10409998893738,-240456.333377022,318577.664854811
"231",7,156,59,19,45.9469985961914,0.724699974060059,127.052696228027,168.714996337891,9.3568000793457,0.38400000333786,14.6090002059937,31.2863006591797,-1.1793999671936,-241053.254268315,318373.52402446
"232",15,142,55,20,73.8632965087891,0,145.524993896484,157.541305541992,3.73370003700256,3.25699996948242,15.9743003845215,32.1478996276855,1.47130000591278,-35085.6983264228,2299.01017116848
"233",7,138,59,18,52.2212982177734,0,170.546295166016,186.415603637695,5.9899001121521,0.617999970912933,12.7672996520996,29.1595993041992,-0.84280002117157,-19409.9988913607,4662.1546946317
"234",8,186,48,21,69.2269973754883,35.456298828125,80.7163009643555,96.2276992797852,0.819100022315979,7.19600009918213,19.7747001647949,26.3516006469727,6.2121000289917,71178.3669395017,-413303.577916129
"235",5,180,51,20,74.2182998657227,30.3316993713379,63.5447006225586,79.6178970336914,0.638700008392334,7.4229998588562,20.4747009277344,27.5252990722656,6.3326997756958,101428.130429047,-424190.158563723
"236",2,144,46,17,68.9623031616211,3.36199998855591,83.6989974975586,121.487602233887,2.4818000793457,5.05130004882812,17.270299911499,32.2186012268066,3.57870006561279,-194488.854841785,92722.5480787139
"237",15,132,57,19,68.9467010498047,0,213.79670715332,253.501907348633,7.74620008468628,2.83599996566772,16.2446994781494,31.3645992279053,1.03419995307922,-92227.8192831885,158627.047061286
"238",7,140,56,19,64.0363006591797,0,253.150695800781,285.5087890625,8.22109985351562,2.70269989967346,15.524299621582,30.9696998596191,1.21200001239777,-97814.6029384088,155402.618270793
"239",15,165,44,18,71.7673034667969,3.94269990921021,104.782997131348,117.001098632812,3.39330005645752,7.23299980163574,18.8139991760254,33.0477981567383,4.48439979553223,-120732.504534894,135781.775192873
"240",15,172,49,18,71.5630035400391,0,167.642303466797,188.447799682617,6.15689992904663,5.05600023269653,17.1783008575439,32.2979011535645,2.90089988708496,-113366.108604794,150335.997261601
"241",7,133,56,19,67.9602966308594,0,232.855697631836,262.506713867188,7.72380018234253,3.27300000190735,16.74169921875,31.8819007873535,1.39880001544952,-95491.8216166163,157407.715494058
"242",2,164,35,14,77.3793029785156,3.0806999206543,83.2976989746094,96.8070983886719,2.05380010604858,7.04099988937378,18.5482997894287,32.8779983520508,4.3302001953125,-94542.3093531997,42697.9305597637
